Main Meal,Side Meal,Complete Meal,Ingredients,Quantities
Kottu Roti,Chicken Curry,Kottu Roti with Chicken Curry,"Roti,  Vegetables,  Chicken, Coconut Oil, Chilli Powder, Salt, Chicken","30.0, 40.0, 30.0, 2.5, 40.0, 10.0, 5.0"
Kottu Roti,Chicken Curry,Kottu Roti with Chicken Curry,"Roti,  Vegetables,  Chicken, Coconut Oil, Chilli Powder, Salt, Chicken","30.0, 40.0, 30.0, 2.5, 40.0, 10.0, 5.0"
Kottu Roti,Devilled Chicken,Kottu Roti with Devilled Chicken,"Roti,  Vegetables,  Chicken, Coconut Oil, Chilli Powder, Salt, Chicken,  Chili,  Curry leaves","30.0, 40.0, 30.0, 2.5, 50.0, 10.0, 5.0, 0.25, 20.0"
Kottu Roti,Devilled Fish,Kottu Roti with Devilled Fish,"Roti,  Vegetables,  Chicken, Coconut Oil, Chilli Powder, Salt, Fish,  Chili,  Curry leaves","30.0, 40.0, 30.0, 2.5, 50.0, 10.0, 5.0, 0.25, 20.0"
Kottu Roti,Seer Fish Curry,Kottu Roti with Seer Fish Curry,"Roti,  Vegetables,  Chicken, Coconut Oil, Chilli Powder, Salt, Seer fish","30.0, 40.0, 30.0, 2.5, 50.0, 25.0, 10.0"
Kottu Roti,Ginger Chicken,Kottu Roti with Ginger Chicken,"Roti,  Vegetables,  Chicken, Coconut Oil, Chilli Powder, Salt, Chicken","30.0, 40.0, 30.0, 2.5, 50.0, 25.0, 10.0"
Kiribath,Fish Ambul Thiyal,Kiribath with Fish Ambul Thiyal,"Rice,  Coconut milk,  Salt, Fish,  Goraka,  Spices","50.0, 30.0, 2.5, 40.0, 0.5, 10.0"
Kiribath,Dhal Curry,Kiribath with Dhal Curry,"Rice,  Coconut milk,  Salt, Dhal,  Spices","50.0, 50.0, 2.5, 10.0, 5.0"
Kiribath,Chicken Curry,Kiribath with Chicken Curry,"Rice,  Coconut milk,  Salt, Chicken,  Spices","50.0, 40.0, 2.5, 40.0, 5.0"
Kiribath,Lunu Miris,Kiribath with Lunu Miris,"Rice,  Coconut milk,  Salt, Onion,  Chili","50.0, 30.0, 32.5, 20.0, 50.0"
Kiribath,Seeni Sambol,Kiribath with Seeni Sambol,"Rice,  Coconut milk,  Salt, Onion,  Sugar,  chillii","50.0, 30.0, 2.5, 50.0, 5.0, 5.0"
Kiribath,Chicken Curry,Kiribath with Chicken Curry,"Rice,  Coconut milk,  Salt, Chicken,  Spices","50.0, 40.0, 2.5, 40.0, 5.0"
Pittu,Lunu Miris,Pittu with Lunu Miris,"Rice flour,  Coconut,  Water, Onion,  Chili,  Salt","25.0, 25.0, 10.0, 20.0, 50.0, 30.0"
Lamprais,Chicken Curry,Lamprais with Chicken Curry,"Rice,  Meat,  Spices, Chicken,  Coconut milk","100.0, 30.0, 15.0, 40.0, 10.0"
Lamprais,Chicken Curry,Lamprais with Chicken Curry,"Rice,  Meat,  Spices, Chicken,  Coconut milk","100.0, 30.0, 15.0, 40.0, 10.0"
String Hoppers,Chicken Curry,String Hoppers with Chicken Curry,"Rice flour,  Water,  Salt, Chicken,  Coconut milk,  Spices","25.0, 10.0, 0.5, 40.0, 10.0, 5.0"
String Hoppers,Pol Sambol,String Hoppers with Pol Sambol,"Rice flour,  Water,  Salt, Coconut,  Chili","25.0, 10.0, 0.5, 20.0, 5.0"
String Hoppers,Parippu,String Hoppers with Parippu,"Rice flour,  Water,  Salt, Dhal,  Coconut milk,  Spices, Termeric powder","25.0, 10.0, 0.5, 10.0, 10.0, 5.0, 0.25"
String Hoppers,Jackfruit Curry,String Hoppers with Jackfruit Curry,"Rice flour,  Water,  Salt, Jackfruit,  Coconut milk,  Spices, curry leaves","25.0, 10.0, 0.5, 15.0, 10.0, 5.0, 0.25"
String Hoppers,Chicken Curry,String Hoppers with Chicken Curry,"Rice flour,  Water,  Salt, Chicken,  Coconut milk,  Spices","25.0, 10.0, 0.5, 40.0, 10.0, 5.0"
String Hoppers,Potato Curry,String Hoppers with Potato Curry,"Rice flour,  Water,  Salt, Potato,  Coconut milk,  Spices, curry leaves, Turmeric Powder","25.0, 10.0, 0.5, 20.0, 30.0, 10.0, 5.0, 2.0"
String Hoppers,Cuttlefish Curry,String Hoppers with Cuttlefish Curry,"Rice flour,  Water,  Salt, Cuttlefish,  Coconut milk,  Spices","25.0, 10.0, 0.5, 50.0, 25.0, 10.0"
String Hoppers,Thalapath Fish Curry,String Hoppers with Thalapath Fish Curry,"Rice flour,  Water,  Salt, Thalapath fish,  Coconut milk,  Spices","25.0, 10.0, 0.5, 50.0, 25.0, 10.0"
String Hoppers,Egg Curry,String Hoppers with Egg Curry,"Rice flour,  Water,  Salt, Egg,  Coconut milk,  Chillies","25.0, 10.0, 0.5, 50.0, 25.0, 10.0"
String Hoppers,Prawn Curry,String Hoppers with Prawn Curry,"Rice flour,  Water,  Salt, Prawn,  Coconut milk,  Chillies","25.0, 10.0, 0.5, 50.0, 25.0, 10.0"
String Hoppers,Kochchi Sambol,String Hoppers with Kochchi Sambol,"Rice flour,  Water,  Salt, Green chili,  Coconut","25.0, 10.0, 0.5, 10.0, 30.0"
String Hoppers,Coconut Sambol,String Hoppers with Coconut Sambol,"Rice flour,  Water,  Salt, Coconut,  Chili,  Onion","25.0, 10.0, 0.5, 50.0, 15.0, 20.0"
String Hoppers,Kiri Hodi,String Hoppers with Kiri Hodi,"Rice flour,  Water,  Salt, Coconut milk","25.0, 10.0, 0.5, 60.0"
String Hoppers,Maalu Badun,String Hoppers with Maalu Badun,"Rice flour,  Water,  Salt, Fish,  Oil","25.0, 10.0, 0.5, 90.0, 15.0"
String Hoppers,Spicy Crab,String Hoppers with Spicy Crab,"Rice flour,  Water,  Salt, Crab,  Oil,  chillies","25.0, 10.0, 0.5, 70.0, 20.0, 10.0"
Vegetable Fried Rice,Chicken Curry,Vegetable Fried Rice with Chicken Curry,"Rice,  Vegetables, onion,  Spices, curry leaves, Chicken,  Coconut milk","100.0, 20.0, 20.0, 15.0, 3.0, 2.5, 40.0"
Vegetable Fried Rice,Parippu,Vegetable Fried Rice with Parippu,"Rice,  Vegetables, onion,  Spices, curry leaves, Dhal,  Coconut milk, Termeric powder","100.0, 20.0, 20.0, 15.0, 3.0, 2.5, 10.0, 5.0"
Vegetable Fried Rice,Wambatu Moju,Vegetable Fried Rice with Wambatu Moju,"Rice,  Vegetables, onion,  Spices, curry leaves, Eggplant,  Vinegar, tomato sause","100.0, 20.0, 25.0, 5.5, 3.0, 2.5, 20.0, 10.0"
Vegetable Fried Rice,Chicken Curry,Vegetable Fried Rice with Chicken Curry,"Rice,  Vegetables, onion,  Spices, curry leaves, Chicken,  Coconut milk","100.0, 20.0, 20.0, 15.0, 3.0, 2.5, 40.0"
Vegetable Fried Rice,Devilled Chicken,Vegetable Fried Rice with Devilled Chicken,"Rice,  Vegetables, onion,  Spices, curry leaves, Chicken,  Chili,  Curry leaves, salt, Onion","100.0, 20.0, 20.0, 5.0, 3.0, 2.5, 50.0, 10.0, 5.0, 0.25"
Vegetable Fried Rice,Devilled Fish,Vegetable Fried Rice with Devilled Fish,"Rice,  Vegetables, onion,  Spices, curry leaves, Fish,  Chili,  Curry leaves, salt, Onion","100.0, 20.0, 20.0, 5.0, 3.0, 2.5, 50.0, 10.0, 5.0, 0.25"
Vegetable Fried Rice,Ala Badun,Vegetable Fried Rice with Ala Badun,"Rice,  Vegetables, onion,  Spices, curry leaves, Potato,  Oil,  Salt","100.0, 20.0, 50.0, 5.0, 3.0, 2.5, 40.0, 30.0"
Vegetable Fried Rice,Cashew Curry,Vegetable Fried Rice with Cashew Curry,"Rice,  Vegetables, onion,  Spices, curry leaves, Cashew,  Coconut milk,  Chillies","100.0, 20.0, 20.0, 5.0, 3.0, 2.5, 50.0, 25.0"
Vegetable Fried Rice,Green Pea Curry,Vegetable Fried Rice with Green Pea Curry,"Rice,  Vegetables, onion,  Spices, curry leaves, Green pea,  Coconut milk,  Chillies","100.0, 20.0, 20.0, 5.0, 3.0, 2.5, 50.0, 25.0"
Vegetable Fried Rice,Ginger Chicken,Vegetable Fried Rice with Ginger Chicken,"Rice,  Vegetables, onion,  Spices, curry leaves, Chicken,  Ginger,  Chillies","100.0, 20.0, 20.0, 5.0, 3.0, 2.5, 50.0, 25.0"
Vegetable Fried Rice,Fish Cutlets,Vegetable Fried Rice with Fish Cutlets,"Rice,  Vegetables, onion,  Spices, curry leaves, Fish,  Potatoes,  Chillies","100.0, 20.0, 20.0, 5.0, 3.0, 2.5, 30.0, 50.0"
Vegetable Fried Rice,Vegetable Cutlets,Vegetable Fried Rice with Vegetable Cutlets,"Rice,  Vegetables, onion,  Spices, curry leaves, Carrot,  Potatoes,  Chillies","100.0, 20.0, 20.0, 5.0, 3.0, 2.5, 30.0, 40.0"
Vegetable Fried Rice,Tapioca Chips,Vegetable Fried Rice with Tapioca Chips,"Rice,  Vegetables, onion,  Spices, curry leaves, Tapioca,  Oil,  Salt,  chillies","100.0, 20.0, 20.0, 5.0, 3.0, 2.5, 50.0, 20.0, 10.0"
Vegetable Fried Rice,potatoe cheese Balls,Vegetable Fried Rice with potatoe cheese Balls,"Rice,  Vegetables, onion,  Spices, curry leaves, cheese,  Potatoes,  pepper","100.0, 20.0, 20.0, 5.0, 3.0, 2.5, 30.0, 60.0"
Vegetable Fried Rice,Vegetable Balls,Vegetable Fried Rice with Vegetable Balls,"Rice,  Vegetables, onion,  Spices, curry leaves, Carrot,  leeks,  Jackfruit,  Potatoes","100.0, 20.0, 20.0, 5.0, 3.0, 2.5, 30.0, 50.0, 10.0"
Vegetable Fried Rice,Ginger Chicken,Vegetable Fried Rice with Ginger Chicken,"Rice,  Vegetables, onion,  Spices, curry leaves, Chicken,  Ginger,  Chillies","100.0, 20.0, 20.0, 5.0, 3.0, 2.5, 50.0, 25.0"
Chicken Fried Rice,Chicken Curry,Chicken Fried Rice with Chicken Curry,"Rice,  Chicken,  onion,  Spices, curry leaves, Chicken,  Coconut milk","100.0, 50.0, 20.0, 15.0, 3.0, 2.5, 40.0"
Chicken Fried Rice,Wambatu Moju,Chicken Fried Rice with Wambatu Moju,"Rice,  Chicken,  onion,  Spices, curry leaves, Eggplant,  Vinegar, onion, tomato sause","100.0, 50.0, 20.0, 5.5, 3.0, 2.5, 20.0, 5.0, 10.0"
Chicken Fried Rice,Chicken Curry,Chicken Fried Rice with Chicken Curry,"Rice,  Chicken,  onion,  Spices, curry leaves, Chicken,  Coconut milk","100.0, 50.0, 20.0, 15.0, 3.0, 2.5, 40.0"
Chicken Fried Rice,Devilled Chicken,Chicken Fried Rice with Devilled Chicken,"Rice,  Chicken,  onion,  Spices, curry leaves, Chicken,  Chili,  Curry leaves, salt, Onion","100.0, 50.0, 20.0, 5.0, 3.0, 2.5, 50.0, 10.0, 5.0, 0.25"
Chicken Fried Rice,Devilled Fish,Chicken Fried Rice with Devilled Fish,"Rice,  Chicken,  onion,  Spices, curry leaves, Fish,  Chili,  Curry leaves, salt, Onion","100.0, 50.0, 20.0, 5.0, 3.0, 2.5, 50.0, 10.0, 5.0, 0.25"
Chicken Fried Rice,Ala Badun,Chicken Fried Rice with Ala Badun,"Rice,  Chicken,  onion,  Spices, curry leaves, Potato,  Oil,  Salt, onion","100.0, 50.0, 20.0, 5.0, 3.0, 2.5, 40.0, 30.0, 30.0"
Chicken Fried Rice,Cashew Curry,Chicken Fried Rice with Cashew Curry,"Rice,  Chicken,  onion,  Spices, curry leaves, Cashew,  Coconut milk,  Chillies","100.0, 50.0, 20.0, 5.0, 3.0, 2.5, 50.0, 25.0"
Chicken Fried Rice,Green Pea Curry,Chicken Fried Rice with Green Pea Curry,"Rice,  Chicken,  onion,  Spices, curry leaves, Green pea,  Coconut milk,  Chillies","100.0, 50.0, 20.0, 5.0, 3.0, 2.5, 50.0, 25.0"
Chicken Fried Rice,Ginger Chicken,Chicken Fried Rice with Ginger Chicken,"Rice,  Chicken,  onion,  Spices, curry leaves, Chicken,  Ginger,  Chillies","100.0, 50.0, 20.0, 5.0, 3.0, 2.5, 50.0, 25.0"
Chicken Fried Rice,Fish Cutlets,Chicken Fried Rice with Fish Cutlets,"Rice,  Chicken,  onion,  Spices, curry leaves, Fish,  Potatoes,  Chillies","100.0, 50.0, 20.0, 5.0, 3.0, 2.5, 30.0, 50.0"
Chicken Fried Rice,Vegetable Cutlets,Chicken Fried Rice with Vegetable Cutlets,"Rice,  Chicken,  onion,  Spices, curry leaves, Carrot,  Potatoes,  Chillies","100.0, 50.0, 20.0, 5.0, 3.0, 2.5, 30.0, 40.0"
Chicken Fried Rice,Tapioca Chips,Chicken Fried Rice with Tapioca Chips,"Rice,  Chicken,  onion,  Spices, curry leaves, Tapioca,  Oil,  Salt,  chillies","100.0, 50.0, 20.0, 5.0, 3.0, 2.5, 50.0, 20.0, 10.0"
Chicken Fried Rice,potatoe cheese Balls,Chicken Fried Rice with potatoe cheese Balls,"Rice,  Chicken,  onion,  Spices, curry leaves, cheese,  Potatoes,  pepper","100.0, 50.0, 20.0, 5.0, 3.0, 2.5, 30.0, 60.0"
Chicken Fried Rice,Vegetable Balls,Chicken Fried Rice with Vegetable Balls,"Rice,  Chicken,  onion,  Spices, curry leaves, Carrot,  leeks,  Jackfruit,  Potatoes","100.0, 50.0, 20.0, 5.0, 3.0, 2.5, 30.0, 50.0, 10.0"
Chicken Fried Rice,Ginger Chicken,Chicken Fried Rice with Ginger Chicken,"Rice,  Chicken,  onion,  Spices, curry leaves, Chicken,  Ginger,  Chillies","100.0, 50.0, 20.0, 5.0, 3.0, 2.5, 50.0, 25.0"
Egg Fried Rice,Chicken Curry,Egg Fried Rice with Chicken Curry,"Rice,  Egg,  onion,  Spices, curry leaves, Chicken,  Coconut milk","100.0, 30.0, 10.0, 15.0, 3.0, 2.5, 40.0"
Egg Fried Rice,Wambatu Moju,Egg Fried Rice with Wambatu Moju,"Rice,  Egg,  onion,  Spices, curry leaves, Eggplant,  Vinegar, onion, tomato sause","100.0, 30.0, 10.0, 5.5, 3.0, 2.5, 20.0, 5.0, 10.0"
Egg Fried Rice,Chicken Curry,Egg Fried Rice with Chicken Curry,"Rice,  Egg,  onion,  Spices, curry leaves, Chicken,  Coconut milk","100.0, 30.0, 10.0, 15.0, 3.0, 2.5, 40.0"
Egg Fried Rice,Devilled Chicken,Egg Fried Rice with Devilled Chicken,"Rice,  Egg,  onion,  Spices, curry leaves, Chicken,  Chili,  Curry leaves, salt, Onion","100.0, 30.0, 10.0, 5.0, 3.0, 2.5, 50.0, 10.0, 5.0, 0.25"
Egg Fried Rice,Devilled Fish,Egg Fried Rice with Devilled Fish,"Rice,  Egg,  onion,  Spices, curry leaves, Fish,  Chili,  Curry leaves, salt, Onion","100.0, 30.0, 10.0, 5.0, 3.0, 2.5, 50.0, 10.0, 5.0, 0.25"
Egg Fried Rice,Ala Badun,Egg Fried Rice with Ala Badun,"Rice,  Egg,  onion,  Spices, curry leaves, Potato,  Oil,  Salt, onion","100.0, 30.0, 10.0, 5.0, 3.0, 2.5, 40.0, 30.0, 30.0"
Egg Fried Rice,Cashew Curry,Egg Fried Rice with Cashew Curry,"Rice,  Egg,  onion,  Spices, curry leaves, Cashew,  Coconut milk,  Chillies","100.0, 30.0, 10.0, 5.0, 3.0, 2.5, 50.0, 25.0"
Egg Fried Rice,Ginger Chicken,Egg Fried Rice with Ginger Chicken,"Rice,  Egg,  onion,  Spices, curry leaves, Chicken,  Ginger,  Chillies","100.0, 30.0, 10.0, 5.0, 3.0, 2.5, 50.0, 25.0"
Egg Fried Rice,Fish Cutlets,Egg Fried Rice with Fish Cutlets,"Rice,  Egg,  onion,  Spices, curry leaves, Fish,  Potatoes,  Chillies","100.0, 30.0, 10.0, 5.0, 3.0, 2.5, 30.0, 50.0"
Egg Fried Rice,Vegetable Cutlets,Egg Fried Rice with Vegetable Cutlets,"Rice,  Egg,  onion,  Spices, curry leaves, Carrot,  Potatoes,  Chillies","100.0, 30.0, 10.0, 5.0, 3.0, 2.5, 30.0, 40.0"
Egg Fried Rice,Tapioca Chips,Egg Fried Rice with Tapioca Chips,"Rice,  Egg,  onion,  Spices, curry leaves, Tapioca,  Oil,  Salt,  chillies","100.0, 30.0, 10.0, 5.0, 3.0, 2.5, 50.0, 20.0, 10.0"
Egg Fried Rice,potatoe cheese Balls,Egg Fried Rice with potatoe cheese Balls,"Rice,  Egg,  onion,  Spices, curry leaves, cheese,  Potatoes,  pepper","100.0, 30.0, 10.0, 5.0, 3.0, 2.5, 30.0, 60.0"
Egg Fried Rice,Vegetable Balls,Egg Fried Rice with Vegetable Balls,"Rice,  Egg,  onion,  Spices, curry leaves, Carrot,  leeks,  Jackfruit,  Potatoes","100.0, 30.0, 10.0, 5.0, 3.0, 2.5, 30.0, 50.0, 10.0"
Egg Fried Rice,Ginger Chicken,Egg Fried Rice with Ginger Chicken,"Rice,  Egg,  onion,  Spices, curry leaves, Chicken,  Ginger,  Chillies","100.0, 30.0, 10.0, 5.0, 3.0, 2.5, 50.0, 25.0"
Seafood Fried Rice,Chicken Curry,Seafood Fried Rice with Chicken Curry,"Rice,  Seafood,  Oninon, Spices, curry leaves, Chicken,  Coconut milk,  Spices","100.0, 50.0, 10.0, 5.0, 3.0, 2.0, 40.0, 10.0"
Seafood Fried Rice,Chicken Curry,Seafood Fried Rice with Chicken Curry,"Rice,  Seafood,  Oninon, Spices, curry leaves, Chicken,  Coconut milk,  Spices","100.0, 50.0, 10.0, 5.0, 3.0, 2.0, 40.0, 10.0"
Seafood Fried Rice,Devilled Chicken,Seafood Fried Rice with Devilled Chicken,"Rice,  Seafood,  Oninon, Spices, curry leaves, Chicken,  Chili,  Curry leaves, salt, Onion","100.0, 50.0, 10.0, 5.0, 3.0, 2.0, 50.0, 10.0, 5.0, 0.25"
Seafood Fried Rice,Devilled Fish,Seafood Fried Rice with Devilled Fish,"Rice,  Seafood,  Oninon, Spices, curry leaves, Fish,  Chili,  Curry leaves, salt, Onion","100.0, 50.0, 10.0, 5.0, 3.0, 2.0, 50.0, 10.0, 5.0, 0.25"
Seafood Fried Rice,Ala Badun,Seafood Fried Rice with Ala Badun,"Rice,  Seafood,  Oninon, Spices, curry leaves, Potato,  Oil,  Salt, onion","100.0, 50.0, 10.0, 5.0, 3.0, 2.0, 40.0, 30.0, 30.0"
Seafood Fried Rice,Cashew Curry,Seafood Fried Rice with Cashew Curry,"Rice,  Seafood,  Oninon, Spices, curry leaves, Cashew,  Coconut milk,  Chillies","100.0, 50.0, 10.0, 5.0, 3.0, 2.0, 50.0, 25.0"
Seafood Fried Rice,Octopus Curry,Seafood Fried Rice with Octopus Curry,"Rice,  Seafood,  Oninon, Spices, curry leaves, Octopus,  Coconut milk,  Chillies","100.0, 50.0, 10.0, 5.0, 3.0, 2.0, 50.0, 25.0"
Seafood Fried Rice,Ginger Chicken,Seafood Fried Rice with Ginger Chicken,"Rice,  Seafood,  Oninon, Spices, curry leaves, Chicken,  Ginger,  Chillies","100.0, 50.0, 10.0, 5.0, 3.0, 2.0, 50.0, 25.0"
Seafood Fried Rice,Fish Cutlets,Seafood Fried Rice with Fish Cutlets,"Rice,  Seafood,  Oninon, Spices, curry leaves, Fish,  Potatoes,  Chillies","100.0, 50.0, 10.0, 5.0, 3.0, 2.0, 30.0, 50.0"
Seafood Fried Rice,Vegetable Cutlets,Seafood Fried Rice with Vegetable Cutlets,"Rice,  Seafood,  Oninon, Spices, curry leaves, Carrot,  Potatoes,  Chillies","100.0, 50.0, 10.0, 5.0, 3.0, 2.0, 30.0, 40.0"
Seafood Fried Rice,Tapioca Chips,Seafood Fried Rice with Tapioca Chips,"Rice,  Seafood,  Oninon, Spices, curry leaves, Tapioca,  Oil,  Salt,  chillies","100.0, 50.0, 10.0, 5.0, 3.0, 2.0, 50.0, 20.0, 10.0"
Seafood Fried Rice,potatoe cheese Balls,Seafood Fried Rice with potatoe cheese Balls,"Rice,  Seafood,  Oninon, Spices, curry leaves, cheese,  Potatoes,  pepper","100.0, 50.0, 10.0, 5.0, 3.0, 2.0, 30.0, 60.0"
Seafood Fried Rice,Vegetable Balls,Seafood Fried Rice with Vegetable Balls,"Rice,  Seafood,  Oninon, Spices, curry leaves, Carrot,  leeks,  Jackfruit,  Potatoes","100.0, 50.0, 10.0, 5.0, 3.0, 2.0, 30.0, 50.0, 10.0"
Seafood Fried Rice,Ginger Chicken,Seafood Fried Rice with Ginger Chicken,"Rice,  Seafood,  Oninon, Spices, curry leaves, Chicken,  Ginger,  Chillies","100.0, 50.0, 10.0, 5.0, 3.0, 2.0, 50.0, 25.0"
Vegetable Kottu,Chicken Curry,Vegetable Kottu with Chicken Curry,"Flour,  Carrot,  leeks,  Chilli, Chicken,  Coconut milk,  Spices","70.0, 20.0, 20.0, 20.0, 40.0, 10.0, 5.0"
Vegetable Kottu,Chicken Curry,Vegetable Kottu with Chicken Curry,"Flour,  Carrot,  leeks,  Chilli, Chicken,  Coconut milk,  Spices","70.0, 20.0, 20.0, 20.0, 40.0, 10.0, 5.0"
Vegetable Kottu,Devilled Chicken,Vegetable Kottu with Devilled Chicken,"Flour,  Carrot,  leeks,  Chilli, Chicken,  Chili,  Curry leaves, salt, Onion","70.0, 20.0, 20.0, 20.0, 50.0, 10.0, 5.0, 0.25, 20.0"
Vegetable Kottu,Devilled Fish,Vegetable Kottu with Devilled Fish,"Flour,  Carrot,  leeks,  Chilli, Fish,  Chili,  Curry leaves, salt, Onion","70.0, 20.0, 20.0, 20.0, 50.0, 10.0, 5.0, 0.25, 20.0"
Vegetable Kottu,Ginger Chicken,Vegetable Kottu with Ginger Chicken,"Flour,  Carrot,  leeks,  Chilli, Chicken,  Ginger,  Chillies","70.0, 20.0, 20.0, 20.0, 50.0, 25.0, 10.0"
Vegetable Kottu,Ginger Chicken,Vegetable Kottu with Ginger Chicken,"Flour,  Carrot,  leeks,  Chilli, Chicken,  Ginger,  Chillies","70.0, 20.0, 20.0, 20.0, 50.0, 25.0, 10.0"
Chicken Kottu,Chicken Curry,Chicken Kottu with Chicken Curry,"Flour,  Carrot,  leeks,  Chicken,  Chilli, Chicken,  Coconut milk,  Spices","70.0, 20.0, 20.0, 40.0, 20.0, 40.0, 10.0, 5.0"
Chicken Kottu,Chicken Curry,Chicken Kottu with Chicken Curry,"Flour,  Carrot,  leeks,  Chicken,  Chilli, Chicken,  Coconut milk,  Spices","70.0, 20.0, 20.0, 40.0, 20.0, 40.0, 10.0, 5.0"
Chicken Kottu,Devilled Chicken,Chicken Kottu with Devilled Chicken,"Flour,  Carrot,  leeks,  Chicken,  Chilli, Chicken,  Chili,  Curry leaves, salt, Onion","70.0, 20.0, 20.0, 40.0, 20.0, 50.0, 10.0, 5.0, 0.25, 20.0"
Chicken Kottu,Devilled Fish,Chicken Kottu with Devilled Fish,"Flour,  Carrot,  leeks,  Chicken,  Chilli, Fish,  Chili,  Curry leaves, salt, Onion","70.0, 20.0, 20.0, 40.0, 20.0, 50.0, 10.0, 5.0, 0.25, 20.0"
Chicken Kottu,Ginger Chicken,Chicken Kottu with Ginger Chicken,"Flour,  Carrot,  leeks,  Chicken,  Chilli, Chicken,  Ginger,  Chillies","70.0, 20.0, 20.0, 40.0, 20.0, 50.0, 25.0, 10.0"
Chicken Kottu,Ginger Chicken,Chicken Kottu with Ginger Chicken,"Flour,  Carrot,  leeks,  Chicken,  Chilli, Chicken,  Ginger,  Chillies","70.0, 20.0, 20.0, 40.0, 20.0, 50.0, 25.0, 10.0"
Fish Kottu,Chicken Curry,Fish Kottu with Chicken Curry,"Flour,  Carrot,  leeks,  Fish,  Chilli, Chicken,  Coconut milk,  Spices","70.0, 20.0, 20.0, 40.0, 20.0, 40.0, 10.0, 5.0"
Fish Kottu,Chicken Curry,Fish Kottu with Chicken Curry,"Flour,  Carrot,  leeks,  Fish,  Chilli, Chicken,  Coconut milk,  Spices","70.0, 20.0, 20.0, 40.0, 20.0, 40.0, 10.0, 5.0"
Fish Kottu,Devilled Chicken,Fish Kottu with Devilled Chicken,"Flour,  Carrot,  leeks,  Fish,  Chilli, Chicken,  Chili,  Curry leaves, salt, Onion","70.0, 20.0, 20.0, 40.0, 20.0, 50.0, 10.0, 5.0, 0.25, 20.0"
Fish Kottu,Devilled Fish,Fish Kottu with Devilled Fish,"Flour,  Carrot,  leeks,  Fish,  Chilli, Fish,  Chili,  Curry leaves, salt, Onion","70.0, 20.0, 20.0, 40.0, 20.0, 50.0, 10.0, 5.0, 0.25, 20.0"
Fish Kottu,Ginger Chicken,Fish Kottu with Ginger Chicken,"Flour,  Carrot,  leeks,  Fish,  Chilli, Chicken,  Ginger,  Chillies","70.0, 20.0, 20.0, 40.0, 20.0, 50.0, 25.0, 10.0"
Fish Kottu,Ginger Chicken,Fish Kottu with Ginger Chicken,"Flour,  Carrot,  leeks,  Fish,  Chilli, Chicken,  Ginger,  Chillies","70.0, 20.0, 20.0, 40.0, 20.0, 50.0, 25.0, 10.0"
Egg Kottu,Chicken Curry,Egg Kottu with Chicken Curry,"Flour,  Carrot,  leeks,  Egg,  Chilli, Chicken,  Coconut milk,  Spices","70.0, 20.0, 20.0, 40.0, 20.0, 40.0, 10.0, 5.0"
Egg Kottu,Chicken Curry,Egg Kottu with Chicken Curry,"Flour,  Carrot,  leeks,  Egg,  Chilli, Chicken,  Coconut milk,  Spices","70.0, 20.0, 20.0, 40.0, 20.0, 40.0, 10.0, 5.0"
Egg Kottu,Devilled Chicken,Egg Kottu with Devilled Chicken,"Flour,  Carrot,  leeks,  Egg,  Chilli, Chicken,  Chili,  Curry leaves, salt, Onion","70.0, 20.0, 20.0, 40.0, 20.0, 50.0, 10.0, 5.0, 0.25, 20.0"
Egg Kottu,Devilled Fish,Egg Kottu with Devilled Fish,"Flour,  Carrot,  leeks,  Egg,  Chilli, Fish,  Chili,  Curry leaves, salt, Onion","70.0, 20.0, 20.0, 40.0, 20.0, 50.0, 10.0, 5.0, 0.25, 20.0"
Egg Kottu,Ginger Chicken,Egg Kottu with Ginger Chicken,"Flour,  Carrot,  leeks,  Egg,  Chilli, Chicken,  Ginger,  Chillies","70.0, 20.0, 20.0, 40.0, 20.0, 50.0, 25.0, 10.0"
Egg Kottu,Ginger Chicken,Egg Kottu with Ginger Chicken,"Flour,  Carrot,  leeks,  Egg,  Chilli, Chicken,  Ginger,  Chillies","70.0, 20.0, 20.0, 40.0, 20.0, 50.0, 25.0, 10.0"
Seafood Kottu,Chicken Curry,Seafood Kottu with Chicken Curry,"Flour,  Carrot,  leeks,  Fish,  Prawn, Chilli, Chicken,  Coconut milk,  Spices","70.0, 20.0, 20.0, 30.0, 30.0, 20.0, 40.0, 10.0, 5.0"
Seafood Kottu,Chicken Curry,Seafood Kottu with Chicken Curry,"Flour,  Carrot,  leeks,  Fish,  Prawn, Chilli, Chicken,  Coconut milk,  Spices","70.0, 20.0, 20.0, 30.0, 30.0, 20.0, 40.0, 10.0, 5.0"
Seafood Kottu,Devilled Chicken,Seafood Kottu with Devilled Chicken,"Flour,  Carrot,  leeks,  Fish,  Prawn, Chilli, Chicken,  Chili,  Curry leaves, salt, Onion","70.0, 20.0, 20.0, 30.0, 30.0, 20.0, 50.0, 10.0, 5.0, 0.25, 20.0"
Seafood Kottu,Devilled Fish,Seafood Kottu with Devilled Fish,"Flour,  Carrot,  leeks,  Fish,  Prawn, Chilli, Fish,  Chili,  Curry leaves, salt, Onion","70.0, 20.0, 20.0, 30.0, 30.0, 20.0, 50.0, 10.0, 5.0, 0.25, 20.0"
Seafood Kottu,Ginger Chicken,Seafood Kottu with Ginger Chicken,"Flour,  Carrot,  leeks,  Fish,  Prawn, Chilli, Chicken,  Ginger,  Chillies","70.0, 20.0, 20.0, 30.0, 30.0, 20.0, 50.0, 25.0, 10.0"
Seafood Kottu,Ginger Chicken,Seafood Kottu with Ginger Chicken,"Flour,  Carrot,  leeks,  Fish,  Prawn, Chilli, Chicken,  Ginger,  Chillies","70.0, 20.0, 20.0, 30.0, 30.0, 20.0, 50.0, 25.0, 10.0"
Egg Biryani,Paneer Curry,Egg Biryani with Paneer Curry,"Rice,  Egg,  onion,  Spices, curry leaves, Paneer,  Coconut milk","100.0, 50.0, 20.0, 30.0, 3.0, 2.8, 50.0"
Egg Biryani,Ginger Chicken,Egg Biryani with Ginger Chicken,"Rice,  Egg,  onion,  Spices, curry leaves, Chicken,  Ginger,  Chillies","100.0, 50.0, 20.0, 5.0, 3.0, 2.8, 50.0, 25.0"
Egg Biryani,Chickpea Salad,Egg Biryani with Chickpea Salad,"Rice,  Egg,  onion,  Spices, curry leaves, Chickpeas,  Carrot,  Cabbage","100.0, 50.0, 20.0, 5.0, 3.0, 2.8, 60.0, 30.0"
Egg Biryani,Devilled Beef,Egg Biryani with Devilled Beef,"Rice,  Egg,  onion,  Spices, curry leaves, Beef,  Oil,  chillies","100.0, 50.0, 20.0, 5.0, 3.0, 2.8, 80.0, 30.0"
Coconut Roti,Fish Ambul Thiyal,Coconut Roti with Fish Ambul Thiyal,"Coconut,  Flour, Fish,  Goraka,  Spices","30.0, 40.0, 30.0, 40.0, 0.5"
Coconut Roti,Dhal Curry,Coconut Roti with Dhal Curry,"Coconut,  Flour, Dhal,  Coconut milk,  Spices, Termeric powder","30.0, 40.0, 30.0, 10.0, 20.0, 5.0"
Coconut Roti,Chicken Curry,Coconut Roti with Chicken Curry,"Coconut,  Flour, Chicken,  Coconut milk,  Spices","30.0, 40.0, 30.0, 40.0, 10.0"
Coconut Roti,Lunu Miris,Coconut Roti with Lunu Miris,"Coconut,  Flour, Onion,  Chili,  Salt, Lime","30.0, 40.0, 30.0, 20.0, 50.0, 30.0"
Coconut Roti,Fish Curry,Coconut Roti with Fish Curry,"Coconut,  Flour, Fish,  Coconut milk,  Spices, curry leaves","30.0, 40.0, 30.0, 50.0, 20.0, 3.0"
Coconut Roti,Chicken Curry,Coconut Roti with Chicken Curry,"Coconut,  Flour, Chicken,  Coconut milk,  Spices","30.0, 40.0, 30.0, 40.0, 10.0"
Coconut Roti,Malu Mirisata,Coconut Roti with Malu Mirisata,"Coconut,  Flour, Fish,  Chili,  Spices","30.0, 40.0, 30.0, 40.0, 30.0"
Coconut Roti,Cuttlefish Curry,Coconut Roti with Cuttlefish Curry,"Coconut,  Flour, Cuttlefish,  Coconut milk,  Spices","30.0, 40.0, 30.0, 50.0, 25.0"
Coconut Roti,Thalapath Fish Curry,Coconut Roti with Thalapath Fish Curry,"Coconut,  Flour, Thalapath fish,  Coconut milk,  Spices","30.0, 40.0, 30.0, 50.0, 25.0"
Coconut Roti,Seer Fish Curry,Coconut Roti with Seer Fish Curry,"Coconut,  Flour, Seer fish,  Coconut milk,  Chillies","30.0, 40.0, 30.0, 50.0, 25.0"
Coconut Roti,Seeni Sambol,Coconut Roti with Seeni Sambol,"Coconut,  Flour, Onion,  Sugar,  chillii","30.0, 40.0, 30.0, 50.0, 5.0"
Kurakkan Roti,Fish Ambul Thiyal,Kurakkan Roti with Fish Ambul Thiyal,"Millet,  Flour, Fish,  Goraka,  Spices","40.0, 30.0, 30.0, 40.0, 0.5"
Kurakkan Roti,Dhal Curry,Kurakkan Roti with Dhal Curry,"Millet,  Flour, Dhal,  Coconut milk,  Spices, Termeric powder","40.0, 30.0, 30.0, 10.0, 20.0, 5.0"
Kurakkan Roti,Chicken Curry,Kurakkan Roti with Chicken Curry,"Millet,  Flour, Chicken,  Coconut milk,  Spices","40.0, 30.0, 30.0, 40.0, 10.0"
Kurakkan Roti,Lunu Miris,Kurakkan Roti with Lunu Miris,"Millet,  Flour, Onion,  Chili,  Salt, Lime","40.0, 30.0, 30.0, 20.0, 50.0, 30.0"
Kurakkan Roti,Fish Curry,Kurakkan Roti with Fish Curry,"Millet,  Flour, Fish,  Coconut milk,  Spices, curry leaves","40.0, 30.0, 30.0, 50.0, 20.0, 3.0"
Kurakkan Roti,Chicken Curry,Kurakkan Roti with Chicken Curry,"Millet,  Flour, Chicken,  Coconut milk,  Spices","40.0, 30.0, 30.0, 40.0, 10.0"
Kurakkan Roti,Malu Mirisata,Kurakkan Roti with Malu Mirisata,"Millet,  Flour, Fish,  Chili,  Spices","40.0, 30.0, 30.0, 40.0, 30.0"
Kurakkan Roti,Cuttlefish Curry,Kurakkan Roti with Cuttlefish Curry,"Millet,  Flour, Cuttlefish,  Coconut milk,  Spices","40.0, 30.0, 30.0, 50.0, 25.0"
Kurakkan Roti,Thalapath Fish Curry,Kurakkan Roti with Thalapath Fish Curry,"Millet,  Flour, Thalapath fish,  Coconut milk,  Spices","40.0, 30.0, 30.0, 50.0, 25.0"
Kurakkan Roti,Seer Fish Curry,Kurakkan Roti with Seer Fish Curry,"Millet,  Flour, Seer fish,  Coconut milk,  Chillies","40.0, 30.0, 30.0, 50.0, 25.0"
Kurakkan Roti,Seeni Sambol,Kurakkan Roti with Seeni Sambol,"Millet,  Flour, Onion,  Sugar,  chillii","40.0, 30.0, 30.0, 50.0, 5.0"
Kurakkan Roti,Fish Curry,Kurakkan Roti with Fish Curry,"Millet,  Flour, Fish,  Coconut milk,  Spices, curry leaves","40.0, 30.0, 30.0, 50.0, 20.0, 3.0"
Pol Roti,Fish Ambul Thiyal,Pol Roti with Fish Ambul Thiyal,"Coconut,  Flour, Fish,  Goraka,  Spices","30.0, 60.0, 5.0, 40.0, 0.5"
Pol Roti,Dhal Curry,Pol Roti with Dhal Curry,"Coconut,  Flour, Dhal,  Coconut milk,  Spices, Termeric powder","30.0, 60.0, 5.0, 10.0, 20.0, 5.0"
Pol Roti,Parippu,Pol Roti with Parippu,"Coconut,  Flour, Dhal,  Coconut milk,  Spices, Termeric powder","30.0, 60.0, 5.0, 10.0, 10.0, 5.0"
Pol Roti,Lunu Miris,Pol Roti with Lunu Miris,"Coconut,  Flour, Onion,  Chili,  Salt, Lime","30.0, 60.0, 5.0, 20.0, 50.0, 30.0"
Pol Roti,Seeni Sambol,Pol Roti with Seeni Sambol,"Coconut,  Flour, Onion,  Sugar,  chillii","30.0, 60.0, 5.0, 50.0, 5.0"
Pol Roti,Fish Curry,Pol Roti with Fish Curry,"Coconut,  Flour, Fish,  Coconut milk,  Spices, curry leaves","30.0, 60.0, 5.0, 50.0, 20.0, 3.0"
Pol Roti,Chicken Curry,Pol Roti with Chicken Curry,"Coconut,  Flour, Chicken,  Coconut milk,  Spices","30.0, 60.0, 5.0, 40.0, 10.0"
Pol Roti,Malu Mirisata,Pol Roti with Malu Mirisata,"Coconut,  Flour, Fish,  Chili,  Spices","30.0, 60.0, 5.0, 40.0, 30.0"
Pol Roti,Elumas Curry,Pol Roti with Elumas Curry,"Coconut,  Flour, Goat,  Coconut milk,  Spices, curry leaves","30.0, 60.0, 5.0, 50.0, 20.0, 5.0"
Pol Roti,Cuttlefish Curry,Pol Roti with Cuttlefish Curry,"Coconut,  Flour, Cuttlefish,  Coconut milk,  Spices","30.0, 60.0, 5.0, 50.0, 25.0"
Pol Roti,Thalapath Fish Curry,Pol Roti with Thalapath Fish Curry,"Coconut,  Flour, Thalapath fish,  Coconut milk,  Spices","30.0, 60.0, 5.0, 50.0, 25.0"
Pol Roti,Paneer Curry,Pol Roti with Paneer Curry,"Coconut,  Flour, Paneer,  Coconut milk,  Spices","30.0, 60.0, 5.0, 50.0, 25.0"
Pol Roti,Kochchi Sambol,Pol Roti with Kochchi Sambol,"Coconut,  Flour, Green chili,  Coconut","30.0, 60.0, 5.0, 10.0"
Pol Roti,Seeni Sambol,Pol Roti with Seeni Sambol,"Coconut,  Flour, Onion,  Sugar,  chillii","30.0, 60.0, 5.0, 50.0, 5.0"
Pol Roti,Fish Curry,Pol Roti with Fish Curry,"Coconut,  Flour, Fish,  Coconut milk,  Spices, curry leaves","30.0, 60.0, 5.0, 50.0, 20.0, 3.0"
String Hopper Kottu,Chicken Curry,String Hopper Kottu with Chicken Curry,"String hoppers,  Chicken,  Carrot,  leaks,  Egg, Chicken,  Coconut milk,  Spices","100.0, 40.0, 25.0, 10.0, 50.0, 40.0, 10.0, 5.0"
String Hopper Kottu,Chicken Curry,String Hopper Kottu with Chicken Curry,"String hoppers,  Chicken,  Carrot,  leaks,  Egg, Chicken,  Coconut milk,  Spices","100.0, 40.0, 25.0, 10.0, 50.0, 40.0, 10.0, 5.0"
String Hopper Kottu,Malu Mirisata,String Hopper Kottu with Malu Mirisata,"String hoppers,  Chicken,  Carrot,  leaks,  Egg, Fish,  Chili,  Spices","100.0, 40.0, 25.0, 10.0, 50.0, 40.0, 30.0, 30.0"
String Hopper Kottu,Elumas Curry,String Hopper Kottu with Elumas Curry,"String hoppers,  Chicken,  Carrot,  leaks,  Egg, Goat,  Coconut milk,  Spices, curry leaves","100.0, 40.0, 25.0, 10.0, 50.0, 50.0, 20.0, 5.0, 2.0"
Roast Bread,Fish Ambul Thiyal,Roast Bread with Fish Ambul Thiyal,"Flour,  sugar,  Oil, Fish,  Goraka,  Spices","50.0, 20.0, 20.0, 40.0, 0.5, 10.0"
Roast Bread,Dhal Curry,Roast Bread with Dhal Curry,"Flour,  sugar,  Oil, Dhal,  Coconut milk,  Spices","50.0, 20.0, 20.0, 10.0, 20.0, 5.0"
Roast Bread,Chicken Curry,Roast Bread with Chicken Curry,"Flour,  sugar,  Oil, Chicken,  Coconut milk,  Spices","50.0, 20.0, 20.0, 40.0, 10.0, 5.0"
Roast Bread,Pol Sambol,Roast Bread with Pol Sambol,"Flour,  sugar,  Oil, Coconut,  Chili","50.0, 20.0, 20.0, 20.0, 5.0"
Roast Bread,Parippu,Roast Bread with Parippu,"Flour,  sugar,  Oil, Dhal,  Coconut milk,  Spices, Termeric powder","50.0, 20.0, 20.0, 10.0, 10.0, 5.0, 0.25"
Roast Bread,Fish Curry,Roast Bread with Fish Curry,"Flour,  sugar,  Oil, Fish,  Coconut milk,  Spices, curry leaves","50.0, 20.0, 20.0, 50.0, 20.0, 3.0, 2.0"
Roast Bread,Polos Curry,Roast Bread with Polos Curry,"Flour,  sugar,  Oil, Jackfruit,  Coconut milk,  Spices, curry leaves","50.0, 20.0, 20.0, 15.0, 10.0, 5.0, 0.25"
Roast Bread,Chicken Curry,Roast Bread with Chicken Curry,"Flour,  sugar,  Oil, Chicken,  Coconut milk,  Spices","50.0, 20.0, 20.0, 40.0, 10.0, 5.0"
Roast Bread,Bathala Curry,Roast Bread with Bathala Curry,"Flour,  sugar,  Oil, Sweet potato,  Coconut milk,  Spices, curry leaves","50.0, 20.0, 20.0, 30.0, 10.0, 5.0, 3.0"
Roast Bread,Malu Mirisata,Roast Bread with Malu Mirisata,"Flour,  sugar,  Oil, Fish,  Chili,  Spices","50.0, 20.0, 20.0, 40.0, 30.0, 30.0"
Roast Bread,Elumas Curry,Roast Bread with Elumas Curry,"Flour,  sugar,  Oil, Goat,  Coconut milk,  Spices, curry leaves","50.0, 20.0, 20.0, 50.0, 20.0, 5.0, 2.0"
Roast Bread,Potato Curry,Roast Bread with Potato Curry,"Flour,  sugar,  Oil, Potato,  Coconut milk,  Spices, curry leaves, Turmeric Powder","50.0, 20.0, 20.0, 20.0, 30.0, 10.0, 5.0, 2.0"
Roast Bread,Cuttlefish Curry,Roast Bread with Cuttlefish Curry,"Flour,  sugar,  Oil, Cuttlefish,  Coconut milk,  Spices","50.0, 20.0, 20.0, 50.0, 25.0, 10.0"
Roast Bread,Thalapath Fish Curry,Roast Bread with Thalapath Fish Curry,"Flour,  sugar,  Oil, Thalapath fish,  Coconut milk,  Spices","50.0, 20.0, 20.0, 50.0, 25.0, 10.0"
Roast Bread,Paneer Curry,Roast Bread with Paneer Curry,"Flour,  sugar,  Oil, Paneer,  Coconut milk,  Spices","50.0, 20.0, 20.0, 50.0, 25.0, 10.0"
Roast Bread,Chickpea Curry,Roast Bread with Chickpea Curry,"Flour,  sugar,  Oil, Chickpea,  Coconut milk,  Chillies","50.0, 20.0, 20.0, 50.0, 25.0, 10.0"
Roast Bread,Seer Fish Curry,Roast Bread with Seer Fish Curry,"Flour,  sugar,  Oil, Seer fish,  Coconut milk,  Chillies","50.0, 20.0, 20.0, 50.0, 25.0, 10.0"
Roast Bread,Egg Curry,Roast Bread with Egg Curry,"Flour,  sugar,  Oil, Egg,  Coconut milk,  Chillies","50.0, 20.0, 20.0, 50.0, 25.0, 10.0"
Roast Bread,Coconut Sambol,Roast Bread with Coconut Sambol,"Flour,  sugar,  Oil, Coconut,  Chili,  Onion","50.0, 20.0, 20.0, 50.0, 15.0, 20.0"
Roast Bread,Kiri Hodi,Roast Bread with Kiri Hodi,"Flour,  sugar,  Oil, Coconut milk","50.0, 20.0, 20.0, 60.0"
Roast Bread,Maalu Badun,Roast Bread with Maalu Badun,"Flour,  sugar,  Oil, Fish","50.0, 20.0, 35.0, 90.0"
Roast Bread,Spicy Crab,Roast Bread with Spicy Crab,"Flour,  sugar,  Oil, Crab,  chillies","50.0, 20.0, 40.0, 70.0, 10.0"
Roast Bread,Sprats Fry,Roast Bread with Sprats Fry,"Flour,  sugar,  Oil, Dried fish,  Chillies","50.0, 20.0, 40.0, 40.0, 10.0"
Roast Bread,Simmered Fish Roe,Roast Bread with Simmered Fish Roe,"Flour,  sugar,  Oil, Fish,  flour,  egg","50.0, 20.0, 50.0, 70.0, 20.0, 10.0"
Roast Bread,Tender Jackfruit Fry,Roast Bread with Tender Jackfruit Fry,"Flour,  sugar,  Oil, Jackfruit","50.0, 20.0, 40.0, 90.0"
Roast Bread,Polos Ambula,Roast Bread with Polos Ambula,"Flour,  sugar,  Oil, Jackfruit,  coconut milk,  chillies,  curry leaves","50.0, 20.0, 20.0, 80.0, 30.0, 10.0, 10.0"
Roast Bread,Indian Fish Curry,Roast Bread with Indian Fish Curry,"Flour,  sugar,  Oil, Fish,  Coconut milk,  chillies","50.0, 20.0, 20.0, 60.0, 30.0, 10.0"
Chicken Koththu,Chicken Curry,Chicken Koththu with Chicken Curry,"Flour,  Chicken,  Carrot,  Egg,  onion, Chicken,  Coconut milk,  Spices","80.0, 40.0, 20.0, 20.0, 10.0, 40.0, 10.0, 5.0"
Chicken Koththu,Devilled Chicken,Chicken Koththu with Devilled Chicken,"Flour,  Chicken,  Carrot,  Egg,  onion, Chicken,  Chili,  Curry leaves, salt, Onion","80.0, 40.0, 20.0, 20.0, 10.0, 50.0, 10.0, 5.0, 0.25, 20.0"
Chicken Koththu,Devilled Fish,Chicken Koththu with Devilled Fish,"Flour,  Chicken,  Carrot,  Egg,  onion, Fish,  Chili,  Curry leaves, salt, Onion","80.0, 40.0, 20.0, 20.0, 10.0, 50.0, 10.0, 5.0, 0.25, 20.0"
Chicken Koththu,Ginger Chicken,Chicken Koththu with Ginger Chicken,"Flour,  Chicken,  Carrot,  Egg,  onion, Chicken,  Ginger,  Chillies","80.0, 40.0, 20.0, 20.0, 10.0, 50.0, 25.0, 10.0"
Chicken Koththu,Ginger Chicken,Chicken Koththu with Ginger Chicken,"Flour,  Chicken,  Carrot,  Egg,  onion, Chicken,  Ginger,  Chillies","80.0, 40.0, 20.0, 20.0, 10.0, 50.0, 25.0, 10.0"
Chicken Fried Rice,"Chicken Curry, Green Pea Curry, Vegetable Cutlets","Chicken Fried Rice with Chicken Curry, Green Pea Curry, Vegetable Cutlets","Rice,  Chicken,  onion,  Spices, curry leaves, Chicken,  Coconut milk, Green pea,  Chillies, Carrot,  Potatoes","300.0, 150.0, 60.0, 45.0, 9.0, 7.5, 220.0, 10.0, 90.0, 10.0, 30.0"
Chicken Fried Rice,"Wambatu Moju, Green Pea Curry, potatoe cheese Balls","Chicken Fried Rice with Wambatu Moju, Green Pea Curry, potatoe cheese Balls","Rice,  Chicken,  onion,  Spices, curry leaves, Eggplant,  Vinegar, onion, tomato sause, Green pea,  Coconut milk,  Chillies, cheese,  Potatoes,  pepper","300.0, 150.0, 60.0, 16.5, 9.0, 7.5, 60.0, 15.0, 30.0, 6.0, 100.0, 50.0, 10.0, 30.0, 60.0"
Chicken Fried Rice,"Devilled Fish, Green Pea Curry, Fish Cutlets","Chicken Fried Rice with Devilled Fish, Green Pea Curry, Fish Cutlets","Rice,  Chicken,  onion,  Spices, curry leaves, Fish,  Chili,  Curry leaves, salt, Onion, Green pea,  Coconut milk,  Chillies,  Potatoes","300.0, 150.0, 60.0, 15.0, 9.0, 17.5, 150.0, 30.0, 15.0, 0.75, 40.0, 100.0, 100.0, 30.0"
Chicken Fried Rice,"Chicken Curry, Cashew Curry, Ginger Chicken","Chicken Fried Rice with Chicken Curry, Cashew Curry, Ginger Chicken","Rice,  Chicken,  onion,  Spices, curry leaves, Chicken,  Coconut milk, Cashew,  Chillies,  Ginger","300.0, 150.0, 60.0, 45.0, 9.0, 17.5, 220.0, 10.0, 75.0, 50.0"
Chicken Fried Rice,"Devilled Chicken, potatoe cheese Balls, Vegetable Balls","Chicken Fried Rice with Devilled Chicken, potatoe cheese Balls, Vegetable Balls","Rice,  Chicken,  onion,  Spices, curry leaves, Chicken,  Chili,  Curry leaves, salt, Onion, cheese,  Potatoes,  pepper, Carrot,  leeks,  Jackfruit","300.0, 150.0, 60.0, 15.0, 9.0, 7.5, 150.0, 30.0, 15.0, 0.75, 40.0, 70.0, 120.0, 10.0, 30.0, 50.0"
Chicken Fried Rice,"Ala Badun, Fish Cutlets, potatoe cheese Balls","Chicken Fried Rice with Ala Badun, Fish Cutlets, potatoe cheese Balls","Rice,  Chicken,  onion,  Spices, curry leaves, Potato,  Oil,  Salt, onion, chilli, Fish,  Potatoes,  Chillies, cheese","300.0, 150.0, 60.0, 15.0, 9.0, 7.5, 120.0, 90.0, 90.0, 60.0, 100.0, 30.0, 30.0, 60.0"
Chicken Fried Rice,"Devilled Fish, Vegetable Balls, Ginger Chicken","Chicken Fried Rice with Devilled Fish, Vegetable Balls, Ginger Chicken","Rice,  Chicken,  onion,  Spices, curry leaves, Fish,  Chili,  Curry leaves, salt, Onion, Carrot,  leeks,  Jackfruit,  Potatoes,  pepper, Chicken,  Ginger","300.0, 150.0, 60.0, 15.0, 9.0, 7.5, 150.0, 30.0, 15.0, 0.75, 40.0, 60.0, 100.0, 20.0, 50.0, 25.0, 10.0"
Chicken Fried Rice,"Devilled Fish, Ginger Chicken, Vegetable Balls","Chicken Fried Rice with Devilled Fish, Ginger Chicken, Vegetable Balls","Rice,  Chicken,  onion,  Spices, curry leaves, Fish,  Chili,  Curry leaves, salt, Onion, Chicken,  Ginger,  Chillies, Carrot,  leeks,  Jackfruit,  Potatoes","300.0, 150.0, 60.0, 15.0, 9.0, 7.5, 150.0, 30.0, 15.0, 0.75, 40.0, 100.0, 50.0, 10.0, 30.0, 50.0, 10.0"
Chicken Fried Rice,"Chicken Curry, Fish Cutlets, Vegetable Balls","Chicken Fried Rice with Chicken Curry, Fish Cutlets, Vegetable Balls","Rice,  Chicken,  onion,  Spices, curry leaves, Chicken,  Coconut milk, Fish,  Potatoes,  Chillies, Carrot,  leeks,  Jackfruit","300.0, 150.0, 60.0, 45.0, 9.0, 7.5, 120.0, 10.0, 70.0, 100.0, 10.0, 30.0, 50.0"
Chicken Fried Rice,"Wambatu Moju, Fish Cutlets, Vegetable Cutlets","Chicken Fried Rice with Wambatu Moju, Fish Cutlets, Vegetable Cutlets","Rice,  Chicken,  onion,  Spices, curry leaves, Eggplant,  Vinegar, onion, tomato sause, Fish,  Potatoes,  Chillies, Carrot","300.0, 150.0, 60.0, 16.5, 9.0, 7.5, 60.0, 15.0, 30.0, 6.0, 90.0, 140.0, 10.0"
Chicken Fried Rice,"Devilled Chicken, Ala Badun, Ginger Chicken","Chicken Fried Rice with Devilled Chicken, Ala Badun, Ginger Chicken","Rice,  Chicken,  onion,  Spices, curry leaves, Chicken,  Chili,  Curry leaves, salt, Onion, Potato,  Oil,  Salt, onion, chilli,  Ginger","300.0, 150.0, 60.0, 15.0, 9.0, 32.5, 150.0, 30.0, 15.0, 0.75, 40.0, 80.0, 60.0, 60.0, 50.0, 10.0"
Chicken Fried Rice,"Chicken Curry, potatoe cheese Balls, Vegetable Balls","Chicken Fried Rice with Chicken Curry, potatoe cheese Balls, Vegetable Balls","Rice,  Chicken,  onion,  Spices, curry leaves, Chicken,  Coconut milk, cheese,  Potatoes,  pepper, Carrot,  leeks,  Jackfruit","300.0, 150.0, 60.0, 45.0, 9.0, 7.5, 120.0, 10.0, 70.0, 120.0, 10.0, 30.0, 50.0"
Chicken Fried Rice,"Chicken Curry, Green Pea Curry, Fish Cutlets","Chicken Fried Rice with Chicken Curry, Green Pea Curry, Fish Cutlets","Rice,  Chicken,  onion,  Spices, curry leaves, Chicken,  Coconut milk, Green pea,  Chillies, Fish,  Potatoes","300.0, 150.0, 60.0, 45.0, 9.0, 7.5, 220.0, 10.0, 100.0, 10.0, 30.0"
Chicken Fried Rice,"Chicken Curry, Ginger Chicken, Ginger Chicken","Chicken Fried Rice with Chicken Curry, Ginger Chicken, Ginger Chicken","Rice,  Chicken,  onion,  Spices, curry leaves, Chicken,  Coconut milk,  Ginger,  Chillies","300.0, 150.0, 60.0, 45.0, 9.0, 27.5, 120.0, 150.0, 75.0"
Chicken Fried Rice,"Wambatu Moju, Cashew Curry, Fish Cutlets","Chicken Fried Rice with Wambatu Moju, Cashew Curry, Fish Cutlets","Rice,  Chicken,  onion,  Spices, curry leaves, Eggplant,  Vinegar, onion, tomato sause, Cashew,  Coconut milk,  Chillies, Fish,  Potatoes","300.0, 150.0, 60.0, 16.5, 9.0, 7.5, 60.0, 15.0, 30.0, 6.0, 100.0, 100.0, 10.0, 30.0"
Chicken Fried Rice,"Chicken Curry, Cashew Curry, Ginger Chicken","Chicken Fried Rice with Chicken Curry, Cashew Curry, Ginger Chicken","Rice,  Chicken,  onion,  Spices, curry leaves, Chicken,  Coconut milk, Cashew,  Chillies,  Ginger","300.0, 150.0, 60.0, 45.0, 9.0, 17.5, 220.0, 10.0, 75.0, 50.0"
Chicken Fried Rice,"Chicken Curry, Green Pea Curry, potatoe cheese Balls","Chicken Fried Rice with Chicken Curry, Green Pea Curry, potatoe cheese Balls","Rice,  Chicken,  onion,  Spices, curry leaves, Chicken,  Coconut milk, Green pea,  Chillies, cheese,  Potatoes,  pepper","300.0, 150.0, 60.0, 45.0, 9.0, 7.5, 220.0, 10.0, 50.0, 10.0, 30.0, 60.0"
Chicken Fried Rice,"Fish Cutlets, Vegetable Cutlets, Tapioca Chips","Chicken Fried Rice with Fish Cutlets, Vegetable Cutlets, Tapioca Chips","Rice,  Chicken,  onion,  Spices, curry leaves, Fish,  Potatoes,  Chillies, Carrot, Tapioca,  Oil,  Salt,  chillies","300.0, 150.0, 60.0, 15.0, 9.0, 7.5, 150.0, 230.0, 20.0, 10.0, 50.0, 20.0, 10.0"
Chicken Fried Rice,"Devilled Chicken, Ala Badun, Fish Cutlets","Chicken Fried Rice with Devilled Chicken, Ala Badun, Fish Cutlets","Rice,  Chicken,  onion,  Spices, curry leaves, Chicken,  Chili,  Curry leaves, salt, Onion, Potato,  Oil,  Salt, onion, chilli, Fish,  Potatoes","300.0, 150.0, 60.0, 15.0, 9.0, 7.5, 150.0, 30.0, 15.0, 0.75, 40.0, 80.0, 60.0, 60.0, 30.0, 50.0, 10.0"
Chicken Fried Rice,"Chicken Curry, Ginger Chicken, Fish Cutlets","Chicken Fried Rice with Chicken Curry, Ginger Chicken, Fish Cutlets","Rice,  Chicken,  onion,  Spices, curry leaves, Chicken,  Coconut milk,  Ginger,  Chillies, Fish,  Potatoes","300.0, 150.0, 60.0, 45.0, 9.0, 17.5, 120.0, 100.0, 100.0, 10.0, 30.0"
Chicken Fried Rice,"Ala Badun, Cashew Curry, Green Pea Curry, Vegetable Cutlets","Chicken Fried Rice with Ala Badun, Cashew Curry, Green Pea Curry, Vegetable Cutlets","Rice,  Chicken,  onion,  Spices, curry leaves, Potato,  Oil,  Salt, onion, chilli, Cashew,  Coconut milk,  Chillies, Green pea, Carrot,  Potatoes","400.0, 200.0, 80.0, 20.0, 12.0, 10.0, 160.0, 120.0, 120.0, 150.0, 75.0, 50.0, 130.0, 50.0, 40.0, 10.0"
Chicken Fried Rice,"Chicken Curry, Devilled Fish, Green Pea Curry, Tapioca Chips","Chicken Fried Rice with Chicken Curry, Devilled Fish, Green Pea Curry, Tapioca Chips","Rice,  Chicken,  onion,  Spices, curry leaves, Chicken,  Coconut milk, Fish,  Chili,  Curry leaves, salt, Onion, Green pea,  Chillies, Tapioca,  Oil,  Salt,  chillies","400.0, 200.0, 80.0, 60.0, 12.0, 10.0, 260.0, 15.0, 150.0, 30.0, 15.0, 0.75, 40.0, 50.0, 10.0, 50.0, 20.0, 10.0"
Chicken Fried Rice,"Devilled Fish, Cashew Curry, Ginger Chicken, Tapioca Chips","Chicken Fried Rice with Devilled Fish, Cashew Curry, Ginger Chicken, Tapioca Chips","Rice,  Chicken,  onion,  Spices, curry leaves, Fish,  Chili,  Curry leaves, salt, Onion, Cashew,  Coconut milk,  Chillies, Chicken,  Ginger, Tapioca,  Oil,  Salt,  chillies","400.0, 200.0, 80.0, 20.0, 12.0, 10.0, 200.0, 40.0, 20.0, 1.0, 60.0, 150.0, 125.0, 20.0, 100.0, 10.0, 50.0, 20.0, 10.0"
Chicken Fried Rice,"Wambatu Moju, Chicken Curry, Devilled Fish, Green Pea Curry","Chicken Fried Rice with Wambatu Moju, Chicken Curry, Devilled Fish, Green Pea Curry","Rice,  Chicken,  onion,  Spices, curry leaves, Eggplant,  Vinegar, onion, tomato sause, Chicken,  Coconut milk, Fish,  Chili,  Curry leaves, salt, Onion, Green pea,  Chillies","400.0, 200.0, 80.0, 52.0, 12.0, 10.0, 80.0, 20.0, 40.0, 9.0, 170.0, 10.0, 100.0, 20.0, 10.0, 0.5, 20.0, 25.0"
Chicken Fried Rice,"Wambatu Moju, Ala Badun, Green Pea Curry, Fish Cutlets","Chicken Fried Rice with Wambatu Moju, Ala Badun, Green Pea Curry, Fish Cutlets","Rice,  Chicken,  onion,  Spices, curry leaves, Eggplant,  Vinegar, onion, tomato sause, Potato,  Oil,  Salt, chilli, Green pea,  Coconut milk,  Chillies, Fish,  Potatoes","400.0, 200.0, 80.0, 22.0, 12.0, 10.0, 80.0, 110.0, 40.0, 9.0, 120.0, 90.0, 100.0, 50.0, 20.0, 30.0, 50.0, 10.0"
Chicken Fried Rice,"Chicken Curry, Devilled Fish, Cashew Curry, Ginger Chicken","Chicken Fried Rice with Chicken Curry, Devilled Fish, Cashew Curry, Ginger Chicken","Rice,  Chicken,  onion,  Spices, curry leaves, Chicken,  Coconut milk, Fish,  Chili,  Curry leaves, salt, Onion, Cashew,  Chillies,  Ginger","400.0, 200.0, 80.0, 60.0, 12.0, 20.0, 260.0, 15.0, 150.0, 30.0, 15.0, 0.75, 40.0, 75.0, 50.0"
Chicken Fried Rice,"Chicken Curry, Chicken Curry, Ginger Chicken, Vegetable Balls","Chicken Fried Rice with Chicken Curry, Chicken Curry, Ginger Chicken, Vegetable Balls","Rice,  Chicken,  onion,  Spices, curry leaves, Chicken,  Coconut milk,  Ginger,  Chillies, Carrot,  leeks,  Jackfruit,  Potatoes","400.0, 200.0, 80.0, 90.0, 12.0, 35.0, 280.0, 100.0, 50.0, 10.0, 30.0, 50.0, 10.0"
Chicken Fried Rice,"Wambatu Moju, Chicken Curry, Cashew Curry, potatoe cheese Balls","Chicken Fried Rice with Wambatu Moju, Chicken Curry, Cashew Curry, potatoe cheese Balls","Rice,  Chicken,  onion,  Spices, curry leaves, Eggplant,  Vinegar, onion, tomato sause, Chicken,  Coconut milk, Cashew,  Chillies, cheese,  Potatoes,  pepper","400.0, 200.0, 80.0, 52.0, 12.0, 10.0, 80.0, 20.0, 40.0, 9.0, 220.0, 10.0, 50.0, 10.0, 30.0, 60.0"
Chicken Fried Rice,"Devilled Chicken, Ginger Chicken, Vegetable Cutlets, Ginger Chicken","Chicken Fried Rice with Devilled Chicken, Ginger Chicken, Vegetable Cutlets, Ginger Chicken","Rice,  Chicken,  onion,  Spices, curry leaves, Chicken,  Chili,  Curry leaves, salt, Onion,  Ginger,  Chillies, Carrot,  Potatoes","400.0, 200.0, 80.0, 20.0, 12.0, 80.0, 200.0, 40.0, 20.0, 1.0, 200.0, 180.0, 20.0, 60.0"
Chicken Fried Rice,"Devilled Chicken, Green Pea Curry, Fish Cutlets, Vegetable Balls","Chicken Fried Rice with Devilled Chicken, Green Pea Curry, Fish Cutlets, Vegetable Balls","Rice,  Chicken,  onion,  Spices, curry leaves, Chicken,  Chili,  Curry leaves, salt, Onion, Green pea,  Coconut milk,  Chillies, Fish,  Potatoes, Carrot,  leeks,  Jackfruit","400.0, 200.0, 80.0, 20.0, 12.0, 10.0, 200.0, 40.0, 20.0, 1.0, 60.0, 150.0, 175.0, 20.0, 70.0, 10.0, 30.0, 50.0"
Chicken Fried Rice,"Cashew Curry, Vegetable Cutlets, potatoe cheese Balls, Ginger Chicken","Chicken Fried Rice with Cashew Curry, Vegetable Cutlets, potatoe cheese Balls, Ginger Chicken","Rice,  Chicken,  onion,  Spices, curry leaves, Cashew,  Coconut milk,  Chillies, Carrot,  Potatoes, cheese,  pepper, Chicken,  Ginger","400.0, 200.0, 80.0, 20.0, 12.0, 10.0, 200.0, 245.0, 30.0, 150.0, 20.0, 120.0, 10.0, 50.0"
Chicken Fried Rice,"Chicken Curry, Wambatu Moju, Fish Cutlets, potatoe cheese Balls","Chicken Fried Rice with Chicken Curry, Wambatu Moju, Fish Cutlets, potatoe cheese Balls","Rice,  Chicken,  onion,  Spices, curry leaves, Chicken,  Coconut milk, Eggplant,  Vinegar, onion, tomato sause, Fish,  Potatoes,  Chillies, cheese,  pepper","400.0, 200.0, 80.0, 61.5, 12.0, 10.0, 160.0, 15.0, 60.0, 15.0, 30.0, 6.0, 90.0, 100.0, 10.0, 60.0"
Chicken Fried Rice,"Chicken Curry, Ginger Chicken, potatoe cheese Balls, Ginger Chicken","Chicken Fried Rice with Chicken Curry, Ginger Chicken, potatoe cheese Balls, Ginger Chicken","Rice,  Chicken,  onion,  Spices, curry leaves, Chicken,  Coconut milk,  Ginger,  Chillies, cheese,  Potatoes,  pepper","400.0, 200.0, 80.0, 60.0, 12.0, 35.0, 160.0, 200.0, 100.0, 20.0, 60.0, 120.0"
Chicken Fried Rice,"Devilled Fish, Cashew Curry, Ginger Chicken, potatoe cheese Balls","Chicken Fried Rice with Devilled Fish, Cashew Curry, Ginger Chicken, potatoe cheese Balls","Rice,  Chicken,  onion,  Spices, curry leaves, Fish,  Chili,  Curry leaves, salt, Onion, Cashew,  Coconut milk,  Chillies, Chicken,  Ginger, cheese,  Potatoes,  pepper","400.0, 200.0, 80.0, 20.0, 12.0, 10.0, 200.0, 40.0, 20.0, 1.0, 60.0, 150.0, 125.0, 20.0, 100.0, 10.0, 30.0, 60.0"
Chicken Fried Rice,"Devilled Fish, Ginger Chicken, Fish Cutlets, potatoe cheese Balls","Chicken Fried Rice with Devilled Fish, Ginger Chicken, Fish Cutlets, potatoe cheese Balls","Rice,  Chicken,  onion,  Spices, curry leaves, Fish,  Chili,  Curry leaves, salt, Onion, Chicken,  Ginger,  Chillies,  Potatoes, cheese,  pepper","400.0, 200.0, 80.0, 20.0, 12.0, 30.0, 200.0, 40.0, 20.0, 1.0, 60.0, 150.0, 175.0, 90.0, 10.0, 60.0"
Chicken Fried Rice,"Devilled Fish, Ala Badun, Ginger Chicken, potatoe cheese Balls","Chicken Fried Rice with Devilled Fish, Ala Badun, Ginger Chicken, potatoe cheese Balls","Rice,  Chicken,  onion,  Spices, curry leaves, Fish,  Chili,  Curry leaves, salt, Onion, Potato,  Oil,  Salt, onion, chilli, Chicken,  Ginger,  Chillies, cheese,  Potatoes","400.0, 200.0, 80.0, 20.0, 12.0, 10.0, 200.0, 40.0, 20.0, 1.0, 60.0, 120.0, 90.0, 90.0, 100.0, 50.0, 20.0, 30.0, 60.0, 10.0"
Chicken Fried Rice,"Chicken Curry, Cashew Curry, Vegetable Cutlets, Ginger Chicken","Chicken Fried Rice with Chicken Curry, Cashew Curry, Vegetable Cutlets, Ginger Chicken","Rice,  Chicken,  onion,  Spices, curry leaves, Chicken,  Coconut milk, Cashew,  Chillies, Carrot,  Potatoes,  Ginger","400.0, 200.0, 80.0, 60.0, 12.0, 20.0, 310.0, 15.0, 180.0, 20.0, 60.0, 50.0"
Chicken Fried Rice,"Ala Badun, Vegetable Cutlets, potatoe cheese Balls, Ginger Chicken","Chicken Fried Rice with Ala Badun, Vegetable Cutlets, potatoe cheese Balls, Ginger Chicken","Rice,  Chicken,  onion,  Spices, curry leaves, Potato,  Oil,  Salt, onion, chilli, Carrot,  Potatoes,  Chillies, cheese,  pepper, Chicken,  Ginger","400.0, 200.0, 80.0, 20.0, 12.0, 10.0, 160.0, 120.0, 120.0, 90.0, 120.0, 50.0, 60.0, 120.0, 50.0, 25.0, 10.0"
Chicken Fried Rice,"Chicken Curry, Green Pea Curry, Tapioca Chips, Ginger Chicken","Chicken Fried Rice with Chicken Curry, Green Pea Curry, Tapioca Chips, Ginger Chicken","Rice,  Chicken,  onion,  Spices, curry leaves, Chicken,  Coconut milk, Green pea,  Chillies, Tapioca,  Oil,  Salt,  chillies,  Ginger","400.0, 200.0, 80.0, 60.0, 12.0, 20.0, 310.0, 15.0, 100.0, 20.0, 100.0, 40.0, 20.0, 50.0"
Chicken Fried Rice,"Devilled Chicken, Green Pea Curry, Tapioca Chips, potatoe cheese Balls","Chicken Fried Rice with Devilled Chicken, Green Pea Curry, Tapioca Chips, potatoe cheese Balls","Rice,  Chicken,  onion,  Spices, curry leaves, Chicken,  Chili,  Curry leaves, salt, Onion, Green pea,  Coconut milk,  Chillies, Tapioca,  Oil,  Salt,  chillies, cheese,  Potatoes,  pepper","400.0, 200.0, 80.0, 20.0, 12.0, 10.0, 200.0, 40.0, 20.0, 1.0, 60.0, 150.0, 75.0, 20.0, 100.0, 40.0, 20.0, 10.0, 30.0, 60.0"
Vegetable Fried Rice,"Tapioca Chips, potatoe cheese Balls, Ginger Chicken","Vegetable Fried Rice with Tapioca Chips, potatoe cheese Balls, Ginger Chicken","Rice,  Vegetables, onion,  Spices, curry leaves, Tapioca,  Oil,  Salt,  chillies, cheese,  Potatoes,  pepper, Chicken,  Ginger,  Chillies","300.0, 60.0, 60.0, 15.0, 9.0, 7.5, 150.0, 60.0, 30.0, 20.0, 60.0, 120.0, 10.0, 50.0, 25.0"
Vegetable Fried Rice,"Chicken Curry, Devilled Chicken, Cashew Curry","Vegetable Fried Rice with Chicken Curry, Devilled Chicken, Cashew Curry","Rice,  Vegetables, onion,  Spices, curry leaves, Chicken,  Coconut milk,  Chili,  Curry leaves, salt, Onion, Cashew,  Chillies","300.0, 60.0, 60.0, 45.0, 9.0, 17.5, 170.0, 100.0, 20.0, 10.0, 0.5, 20.0, 25.0"
Vegetable Fried Rice,"Chicken Curry, Green Pea Curry, Vegetable Cutlets","Vegetable Fried Rice with Chicken Curry, Green Pea Curry, Vegetable Cutlets","Rice,  Vegetables, onion,  Spices, curry leaves, Chicken,  Coconut milk, Green pea,  Chillies, Carrot,  Potatoes","300.0, 60.0, 60.0, 45.0, 9.0, 7.5, 220.0, 10.0, 90.0, 10.0, 30.0"
Vegetable Fried Rice,"Ala Badun, Cashew Curry, Vegetable Cutlets","Vegetable Fried Rice with Ala Badun, Cashew Curry, Vegetable Cutlets","Rice,  Vegetables, onion,  Spices, curry leaves, Potato,  Oil,  Salt, chilli, Cashew,  Coconut milk,  Chillies, Carrot,  Potatoes","300.0, 60.0, 150.0, 15.0, 9.0, 7.5, 120.0, 90.0, 100.0, 50.0, 20.0, 30.0, 40.0, 10.0"
Vegetable Fried Rice,"Chicken Curry, Ala Badun, Vegetable Balls","Vegetable Fried Rice with Chicken Curry, Ala Badun, Vegetable Balls","Rice,  Vegetables, onion,  Spices, curry leaves, Chicken,  Coconut milk, Potato,  Oil,  Salt, chilli, Carrot,  leeks","300.0, 60.0, 120.0, 45.0, 9.0, 7.5, 120.0, 10.0, 80.0, 60.0, 30.0, 50.0, 10.0"
Vegetable Fried Rice,"Green Pea Curry, Ginger Chicken, Tapioca Chips","Vegetable Fried Rice with Green Pea Curry, Ginger Chicken, Tapioca Chips","Rice,  Vegetables, onion,  Spices, curry leaves, Green pea,  Coconut milk,  Chillies, Chicken,  Ginger, Tapioca,  Oil,  Salt,  chillies","300.0, 60.0, 60.0, 15.0, 9.0, 7.5, 150.0, 125.0, 20.0, 100.0, 10.0, 50.0, 20.0, 10.0"
Vegetable Fried Rice,"Chicken Curry, Green Pea Curry, potatoe cheese Balls","Vegetable Fried Rice with Chicken Curry, Green Pea Curry, potatoe cheese Balls","Rice,  Vegetables, onion,  Spices, curry leaves, Chicken,  Coconut milk, Green pea,  Chillies, cheese,  Potatoes,  pepper","300.0, 60.0, 60.0, 45.0, 9.0, 7.5, 220.0, 10.0, 50.0, 10.0, 30.0, 60.0"
Vegetable Fried Rice,"Parippu, Cashew Curry, Green Pea Curry","Vegetable Fried Rice with Parippu, Cashew Curry, Green Pea Curry","Rice,  Vegetables, onion,  Spices, curry leaves, Dhal,  Coconut milk, Termeric powder, Cashew,  Chillies, Green pea","300.0, 60.0, 60.0, 45.0, 9.0, 7.5, 180.0, 15.0, 0.5, 75.0, 10.0"
Vegetable Fried Rice,"Ginger Chicken, Vegetable Cutlets, potatoe cheese Balls","Vegetable Fried Rice with Ginger Chicken, Vegetable Cutlets, potatoe cheese Balls","Rice,  Vegetables, onion,  Spices, curry leaves, Chicken,  Ginger,  Chillies, Carrot,  Potatoes, cheese,  pepper","300.0, 60.0, 60.0, 15.0, 9.0, 7.5, 150.0, 155.0, 20.0, 90.0, 10.0, 60.0"
Vegetable Fried Rice,"Ala Badun, Ginger Chicken, Fish Cutlets","Vegetable Fried Rice with Ala Badun, Ginger Chicken, Fish Cutlets","Rice,  Vegetables, onion,  Spices, curry leaves, Potato,  Oil,  Salt, chilli, Chicken,  Ginger,  Chillies, Fish,  Potatoes","300.0, 60.0, 150.0, 15.0, 9.0, 7.5, 120.0, 90.0, 100.0, 50.0, 20.0, 30.0, 50.0, 10.0"
Vegetable Fried Rice,"Cashew Curry, Fish Cutlets, Vegetable Cutlets","Vegetable Fried Rice with Cashew Curry, Fish Cutlets, Vegetable Cutlets","Rice,  Vegetables, onion,  Spices, curry leaves, Cashew,  Coconut milk,  Chillies, Fish,  Potatoes, Carrot","300.0, 60.0, 60.0, 15.0, 9.0, 7.5, 150.0, 215.0, 20.0, 90.0, 10.0"
Vegetable Fried Rice,"Wambatu Moju, Green Pea Curry, Tapioca Chips","Vegetable Fried Rice with Wambatu Moju, Green Pea Curry, Tapioca Chips","Rice,  Vegetables, onion,  Spices, curry leaves, Eggplant,  Vinegar, tomato sause, Green pea,  Coconut milk,  Chillies, Tapioca,  Oil,  Salt,  chillies","300.0, 60.0, 75.0, 16.5, 9.0, 7.5, 60.0, 30.0, 6.0, 100.0, 50.0, 10.0, 50.0, 20.0, 10.0"
Vegetable Fried Rice,"Parippu, Fish Cutlets, potatoe cheese Balls","Vegetable Fried Rice with Parippu, Fish Cutlets, potatoe cheese Balls","Rice,  Vegetables, onion,  Spices, curry leaves, Dhal,  Coconut milk, Termeric powder, Fish,  Potatoes,  Chillies, cheese,  pepper","300.0, 60.0, 60.0, 45.0, 9.0, 7.5, 30.0, 15.0, 0.5, 90.0, 100.0, 10.0, 60.0"
Vegetable Fried Rice,"Devilled Fish, Ala Badun, potatoe cheese Balls","Vegetable Fried Rice with Devilled Fish, Ala Badun, potatoe cheese Balls","Rice,  Vegetables, onion,  Spices, curry leaves, Fish,  Chili,  Curry leaves, salt, Onion, Potato,  Oil,  Salt, chilli, cheese,  Potatoes","300.0, 60.0, 120.0, 15.0, 9.0, 7.5, 150.0, 30.0, 15.0, 0.75, 40.0, 80.0, 60.0, 30.0, 60.0, 10.0"
Vegetable Fried Rice,"Devilled Chicken, Tapioca Chips, Vegetable Balls","Vegetable Fried Rice with Devilled Chicken, Tapioca Chips, Vegetable Balls","Rice,  Vegetables, onion,  Spices, curry leaves, Chicken,  Chili,  Curry leaves, salt, Onion, Tapioca,  Oil,  Salt,  chillies, Carrot,  leeks,  Jackfruit,  Potatoes","300.0, 60.0, 60.0, 15.0, 9.0, 7.5, 150.0, 30.0, 15.0, 0.75, 40.0, 100.0, 40.0, 20.0, 10.0, 30.0, 50.0, 10.0"
Vegetable Fried Rice,"Devilled Chicken, Devilled Fish, Ginger Chicken","Vegetable Fried Rice with Devilled Chicken, Devilled Fish, Ginger Chicken","Rice,  Vegetables, onion,  Spices, curry leaves, Chicken,  Chili,  Curry leaves, salt, Onion, Fish,  Ginger,  Chillies","300.0, 60.0, 60.0, 15.0, 9.0, 27.5, 250.0, 50.0, 25.0, 1.25, 40.0, 50.0, 25.0"
Vegetable Fried Rice,"Parippu, Tapioca Chips, Ginger Chicken","Vegetable Fried Rice with Parippu, Tapioca Chips, Ginger Chicken","Rice,  Vegetables, onion,  Spices, curry leaves, Dhal,  Coconut milk, Termeric powder, Tapioca,  Oil,  Salt,  chillies, Chicken,  Ginger,  Chillies","300.0, 60.0, 60.0, 45.0, 9.0, 7.5, 30.0, 15.0, 0.5, 100.0, 40.0, 20.0, 10.0, 50.0, 25.0"
Vegetable Fried Rice,"Parippu, Devilled Chicken, Green Pea Curry","Vegetable Fried Rice with Parippu, Devilled Chicken, Green Pea Curry","Rice,  Vegetables, onion,  Spices, curry leaves, Dhal,  Coconut milk, Termeric powder, Chicken,  Chili,  Curry leaves, salt, Onion, Green pea,  Chillies","300.0, 60.0, 60.0, 45.0, 9.0, 7.5, 80.0, 15.0, 0.5, 100.0, 20.0, 10.0, 0.5, 20.0, 25.0"
Vegetable Fried Rice,"Devilled Chicken, Vegetable Cutlets, potatoe cheese Balls","Vegetable Fried Rice with Devilled Chicken, Vegetable Cutlets, potatoe cheese Balls","Rice,  Vegetables, onion,  Spices, curry leaves, Chicken,  Chili,  Curry leaves, salt, Onion, Carrot,  Potatoes,  Chillies, cheese,  pepper","300.0, 60.0, 60.0, 15.0, 9.0, 7.5, 150.0, 30.0, 15.0, 0.75, 40.0, 90.0, 80.0, 10.0, 60.0"
Vegetable Fried Rice,"Chicken Curry, Devilled Chicken, Green Pea Curry","Vegetable Fried Rice with Chicken Curry, Devilled Chicken, Green Pea Curry","Rice,  Vegetables, onion,  Spices, curry leaves, Chicken,  Coconut milk,  Chili,  Curry leaves, salt, Onion, Green pea,  Chillies","300.0, 60.0, 60.0, 45.0, 9.0, 17.5, 170.0, 100.0, 20.0, 10.0, 0.5, 20.0, 25.0"
Vegetable Fried Rice,"Ala Badun, Cashew Curry, Ginger Chicken, Fish Cutlets","Vegetable Fried Rice with Ala Badun, Cashew Curry, Ginger Chicken, Fish Cutlets","Rice,  Vegetables, onion,  Spices, curry leaves, Potato,  Oil,  Salt, chilli, Cashew,  Coconut milk,  Chillies, Chicken,  Ginger, Fish,  Potatoes","400.0, 80.0, 200.0, 20.0, 12.0, 10.0, 160.0, 120.0, 150.0, 75.0, 30.0, 130.0, 50.0, 20.0, 50.0, 10.0"
Vegetable Fried Rice,"Parippu, Wambatu Moju, Cashew Curry, Vegetable Cutlets","Vegetable Fried Rice with Parippu, Wambatu Moju, Cashew Curry, Vegetable Cutlets","Rice,  Vegetables, onion,  Spices, curry leaves, Dhal,  Coconut milk, Termeric powder, Eggplant,  Vinegar, tomato sause, Cashew,  Chillies, Carrot,  Potatoes","400.0, 80.0, 95.0, 61.5, 12.0, 10.0, 140.0, 20.0, 0.75, 60.0, 30.0, 6.0, 90.0, 10.0, 30.0"
Vegetable Fried Rice,"Chicken Curry, Devilled Fish, Ala Badun, Ginger Chicken","Vegetable Fried Rice with Chicken Curry, Devilled Fish, Ala Badun, Ginger Chicken","Rice,  Vegetables, onion,  Spices, curry leaves, Chicken,  Coconut milk, Fish,  Chili,  Curry leaves, salt, Onion, Potato,  Oil,  Salt, chilli,  Ginger","400.0, 80.0, 140.0, 60.0, 12.0, 35.0, 160.0, 15.0, 150.0, 30.0, 15.0, 0.75, 40.0, 80.0, 60.0, 50.0, 10.0"
Vegetable Fried Rice,"Chicken Curry, Devilled Chicken, Vegetable Cutlets, Ginger Chicken","Vegetable Fried Rice with Chicken Curry, Devilled Chicken, Vegetable Cutlets, Ginger Chicken","Rice,  Vegetables, onion,  Spices, curry leaves, Chicken,  Coconut milk,  Chili,  Curry leaves, salt, Onion, Carrot,  Potatoes,  Chillies,  Ginger","400.0, 80.0, 80.0, 60.0, 12.0, 35.0, 160.0, 150.0, 30.0, 15.0, 0.75, 40.0, 60.0, 105.0, 50.0"
Vegetable Fried Rice,"Chicken Curry, Devilled Chicken, Devilled Fish, Tapioca Chips","Vegetable Fried Rice with Chicken Curry, Devilled Chicken, Devilled Fish, Tapioca Chips","Rice,  Vegetables, onion,  Spices, curry leaves, Chicken,  Coconut milk,  Chili,  Curry leaves, salt, Onion, Fish, Tapioca,  Oil,  Salt,  chillies","400.0, 80.0, 80.0, 60.0, 12.0, 25.0, 160.0, 250.0, 50.0, 25.0, 1.25, 40.0, 20.0, 50.0, 20.0, 10.0"
Vegetable Fried Rice,"Devilled Chicken, Ala Badun, Fish Cutlets, Vegetable Cutlets","Vegetable Fried Rice with Devilled Chicken, Ala Badun, Fish Cutlets, Vegetable Cutlets","Rice,  Vegetables, onion,  Spices, curry leaves, Chicken,  Chili,  Curry leaves, salt, Onion, Potato,  Oil,  Salt, chilli, Fish,  Potatoes,  Chillies, Carrot","400.0, 80.0, 170.0, 20.0, 12.0, 10.0, 200.0, 40.0, 20.0, 1.0, 60.0, 120.0, 90.0, 60.0, 100.0, 30.0, 30.0, 40.0"
Vegetable Fried Rice,"Chicken Curry, Vegetable Cutlets, Tapioca Chips, Vegetable Balls","Vegetable Fried Rice with Chicken Curry, Vegetable Cutlets, Tapioca Chips, Vegetable Balls","Rice,  Vegetables, onion,  Spices, curry leaves, Chicken,  Coconut milk, Carrot,  Potatoes,  Chillies, Tapioca,  Oil,  Salt,  chillies,  leeks,  Jackfruit","400.0, 80.0, 80.0, 60.0, 12.0, 10.0, 160.0, 25.0, 100.0, 120.0, 20.0, 100.0, 40.0, 20.0, 30.0, 50.0"
Vegetable Fried Rice,"Chicken Curry, Fish Cutlets, Vegetable Cutlets, Vegetable Balls","Vegetable Fried Rice with Chicken Curry, Fish Cutlets, Vegetable Cutlets, Vegetable Balls","Rice,  Vegetables, onion,  Spices, curry leaves, Chicken,  Coconut milk, Fish,  Potatoes,  Chillies, Carrot,  leeks,  Jackfruit","400.0, 80.0, 80.0, 60.0, 12.0, 10.0, 160.0, 15.0, 160.0, 230.0, 30.0, 30.0, 50.0"
Vegetable Fried Rice,"Chicken Curry, Devilled Chicken, Devilled Fish, potatoe cheese Balls","Vegetable Fried Rice with Chicken Curry, Devilled Chicken, Devilled Fish, potatoe cheese Balls","Rice,  Vegetables, onion,  Spices, curry leaves, Chicken,  Coconut milk,  Chili,  Curry leaves, salt, Onion, Fish, cheese,  Potatoes,  pepper","400.0, 80.0, 80.0, 60.0, 12.0, 25.0, 160.0, 250.0, 50.0, 25.0, 1.25, 40.0, 20.0, 30.0, 60.0"
Vegetable Fried Rice,"Ginger Chicken, Vegetable Cutlets, Tapioca Chips, Vegetable Balls","Vegetable Fried Rice with Ginger Chicken, Vegetable Cutlets, Tapioca Chips, Vegetable Balls","Rice,  Vegetables, onion,  Spices, curry leaves, Chicken,  Ginger,  Chillies, Carrot,  Potatoes, Tapioca,  Oil,  Salt,  chillies,  leeks,  Jackfruit","400.0, 80.0, 80.0, 20.0, 12.0, 10.0, 200.0, 220.0, 40.0, 100.0, 20.0, 100.0, 40.0, 20.0, 30.0, 50.0"
Vegetable Fried Rice,"Wambatu Moju, Ginger Chicken, Tapioca Chips, Ginger Chicken","Vegetable Fried Rice with Wambatu Moju, Ginger Chicken, Tapioca Chips, Ginger Chicken","Rice,  Vegetables, onion,  Spices, curry leaves, Eggplant,  Vinegar, tomato sause, Chicken,  Ginger,  Chillies, Tapioca,  Oil,  Salt,  chillies","400.0, 80.0, 100.0, 22.0, 12.0, 10.0, 80.0, 40.0, 19.0, 200.0, 100.0, 20.0, 100.0, 40.0, 20.0"
Vegetable Fried Rice,"Chicken Curry, Cashew Curry, Ginger Chicken, Vegetable Cutlets","Vegetable Fried Rice with Chicken Curry, Cashew Curry, Ginger Chicken, Vegetable Cutlets","Rice,  Vegetables, onion,  Spices, curry leaves, Chicken,  Coconut milk, Cashew,  Chillies,  Ginger, Carrot,  Potatoes","400.0, 80.0, 80.0, 60.0, 12.0, 30.0, 310.0, 15.0, 165.0, 100.0, 10.0, 30.0"
Vegetable Fried Rice,"Chicken Curry, Chicken Curry, Green Pea Curry, Vegetable Balls","Vegetable Fried Rice with Chicken Curry, Chicken Curry, Green Pea Curry, Vegetable Balls","Rice,  Vegetables, onion,  Spices, curry leaves, Chicken,  Coconut milk, Green pea,  Chillies, Carrot,  leeks,  Jackfruit,  Potatoes","400.0, 80.0, 80.0, 90.0, 12.0, 25.0, 380.0, 10.0, 50.0, 10.0, 30.0, 50.0, 10.0"
Vegetable Fried Rice,"Wambatu Moju, Chicken Curry, Green Pea Curry, Vegetable Balls","Vegetable Fried Rice with Wambatu Moju, Chicken Curry, Green Pea Curry, Vegetable Balls","Rice,  Vegetables, onion,  Spices, curry leaves, Eggplant,  Vinegar, tomato sause, Chicken,  Coconut milk, Green pea,  Chillies, Carrot,  leeks,  Jackfruit,  Potatoes","400.0, 80.0, 100.0, 52.0, 12.0, 10.0, 80.0, 40.0, 9.0, 220.0, 10.0, 50.0, 10.0, 30.0, 50.0, 10.0"
Vegetable Fried Rice,"Devilled Chicken, Devilled Fish, Ala Badun, Green Pea Curry","Vegetable Fried Rice with Devilled Chicken, Devilled Fish, Ala Badun, Green Pea Curry","Rice,  Vegetables, onion,  Spices, curry leaves, Chicken,  Chili,  Curry leaves, salt, Onion, Fish, Potato,  Oil,  Salt, chilli, Green pea,  Coconut milk","400.0, 80.0, 140.0, 20.0, 12.0, 10.0, 350.0, 70.0, 35.0, 1.75, 60.0, 40.0, 80.0, 60.0, 50.0, 25.0, 10.0"
Vegetable Fried Rice,"Chicken Curry, Chicken Curry, Vegetable Balls, Ginger Chicken","Vegetable Fried Rice with Chicken Curry, Chicken Curry, Vegetable Balls, Ginger Chicken","Rice,  Vegetables, onion,  Spices, curry leaves, Chicken,  Coconut milk, Carrot,  leeks,  Jackfruit,  Potatoes,  pepper,  Ginger","400.0, 80.0, 80.0, 90.0, 12.0, 50.0, 280.0, 10.0, 60.0, 100.0, 20.0, 50.0, 10.0"
Vegetable Fried Rice,"Chicken Curry, Devilled Chicken, Devilled Fish, Ginger Chicken","Vegetable Fried Rice with Chicken Curry, Devilled Chicken, Devilled Fish, Ginger Chicken","Rice,  Vegetables, onion,  Spices, curry leaves, Chicken,  Coconut milk,  Chili,  Curry leaves, salt, Onion, Fish,  Ginger,  Chillies","400.0, 80.0, 80.0, 60.0, 12.0, 45.0, 160.0, 250.0, 50.0, 25.0, 1.25, 40.0, 50.0, 25.0"
Vegetable Fried Rice,"Parippu, Devilled Chicken, Vegetable Balls, Ginger Chicken","Vegetable Fried Rice with Parippu, Devilled Chicken, Vegetable Balls, Ginger Chicken","Rice,  Vegetables, onion,  Spices, curry leaves, Dhal,  Coconut milk, Termeric powder, Chicken,  Chili,  Curry leaves, salt, Onion, Carrot,  leeks,  Jackfruit,  Potatoes,  pepper,  Ginger","400.0, 80.0, 80.0, 60.0, 12.0, 10.0, 40.0, 20.0, 25.75, 150.0, 30.0, 15.0, 0.75, 40.0, 60.0, 100.0, 20.0, 50.0, 10.0"
Vegetable Fried Rice,"Cashew Curry, Green Pea Curry, Ginger Chicken, Ginger Chicken","Vegetable Fried Rice with Cashew Curry, Green Pea Curry, Ginger Chicken, Ginger Chicken","Rice,  Vegetables, onion,  Spices, curry leaves, Cashew,  Coconut milk,  Chillies, Green pea, Chicken,  Ginger","400.0, 80.0, 80.0, 20.0, 12.0, 10.0, 350.0, 250.0, 30.0, 30.0, 150.0"
Vegetable Fried Rice,"Wambatu Moju, Vegetable Cutlets, Tapioca Chips, Ginger Chicken","Vegetable Fried Rice with Wambatu Moju, Vegetable Cutlets, Tapioca Chips, Ginger Chicken","Rice,  Vegetables, onion,  Spices, curry leaves, Eggplant,  Vinegar, tomato sause, Carrot,  Potatoes,  Chillies, Tapioca,  Oil,  Salt,  chillies, Chicken,  Ginger","400.0, 80.0, 100.0, 22.0, 12.0, 10.0, 80.0, 40.0, 9.0, 90.0, 145.0, 20.0, 100.0, 40.0, 20.0, 10.0, 50.0"
Vegetable Fried Rice,"Wambatu Moju, Devilled Fish, potatoe cheese Balls, Vegetable Balls, Ginger Chicken","Vegetable Fried Rice with Wambatu Moju, Devilled Fish, potatoe cheese Balls, Vegetable Balls, Ginger Chicken","Rice,  Vegetables, onion,  Spices, curry leaves, Eggplant,  Vinegar, tomato sause, Fish,  Chili,  Curry leaves, salt, Onion, cheese,  Potatoes,  pepper, Carrot,  leeks,  Jackfruit, Chicken,  Ginger","500.0, 100.0, 125.0, 27.5, 15.0, 12.5, 100.0, 50.0, 12.0, 200.0, 40.0, 20.0, 1.0, 60.0, 110.0, 230.0, 20.0, 60.0, 100.0, 25.0, 10.0"
Vegetable Fried Rice,"Wambatu Moju, Green Pea Curry, Ginger Chicken, Fish Cutlets, potatoe cheese Balls","Vegetable Fried Rice with Wambatu Moju, Green Pea Curry, Ginger Chicken, Fish Cutlets, potatoe cheese Balls","Rice,  Vegetables, onion,  Spices, curry leaves, Eggplant,  Vinegar, tomato sause, Green pea,  Coconut milk,  Chillies, Chicken,  Ginger, Fish,  Potatoes, cheese,  pepper","500.0, 100.0, 125.0, 27.5, 15.0, 12.5, 100.0, 50.0, 12.0, 200.0, 275.0, 30.0, 150.0, 20.0, 90.0, 10.0, 60.0"
Vegetable Fried Rice,"Green Pea Curry, Ginger Chicken, Fish Cutlets, Vegetable Cutlets, Vegetable Balls","Vegetable Fried Rice with Green Pea Curry, Ginger Chicken, Fish Cutlets, Vegetable Cutlets, Vegetable Balls","Rice,  Vegetables, onion,  Spices, curry leaves, Green pea,  Coconut milk,  Chillies, Chicken,  Ginger, Fish,  Potatoes, Carrot,  leeks,  Jackfruit","500.0, 100.0, 100.0, 25.0, 15.0, 12.5, 250.0, 455.0, 40.0, 200.0, 30.0, 160.0, 30.0, 30.0, 50.0"
Vegetable Fried Rice,"Chicken Curry, Ala Badun, Fish Cutlets, Tapioca Chips, Ginger Chicken","Vegetable Fried Rice with Chicken Curry, Ala Badun, Fish Cutlets, Tapioca Chips, Ginger Chicken","Rice,  Vegetables, onion,  Spices, curry leaves, Chicken,  Coconut milk, Potato,  Oil,  Salt, chilli, Fish,  Potatoes,  Chillies, Tapioca,  chillies,  Ginger","500.0, 100.0, 220.0, 75.0, 15.0, 37.5, 200.0, 20.0, 180.0, 140.0, 90.0, 150.0, 30.0, 100.0, 40.0, 50.0, 10.0"
Vegetable Fried Rice,"Parippu, Wambatu Moju, Devilled Fish, Green Pea Curry, Fish Cutlets","Vegetable Fried Rice with Parippu, Wambatu Moju, Devilled Fish, Green Pea Curry, Fish Cutlets","Rice,  Vegetables, onion,  Spices, curry leaves, Dhal,  Coconut milk, Termeric powder, Eggplant,  Vinegar, tomato sause, Fish,  Chili,  Curry leaves, salt, Onion, Green pea,  Chillies,  Potatoes","500.0, 100.0, 120.0, 77.0, 15.0, 12.5, 150.0, 25.0, 1.0, 80.0, 40.0, 19.0, 150.0, 30.0, 15.0, 0.75, 40.0, 100.0, 30.0"
Vegetable Fried Rice,"Chicken Curry, Parippu, Devilled Chicken, Green Pea Curry, Ginger Chicken","Vegetable Fried Rice with Chicken Curry, Parippu, Devilled Chicken, Green Pea Curry, Ginger Chicken","Rice,  Vegetables, onion,  Spices, curry leaves, Chicken,  Coconut milk, Dhal, Termeric powder,  Chili,  Curry leaves, salt, Onion, Green pea,  Chillies,  Ginger","500.0, 100.0, 100.0, 115.0, 15.0, 23.25, 340.0, 20.0, 20.0, 150.0, 30.0, 15.0, 0.75, 40.0, 75.0, 50.0"
Vegetable Fried Rice,"Parippu, Ala Badun, Green Pea Curry, Fish Cutlets, Vegetable Cutlets","Vegetable Fried Rice with Parippu, Ala Badun, Green Pea Curry, Fish Cutlets, Vegetable Cutlets","Rice,  Vegetables, onion,  Spices, curry leaves, Dhal,  Coconut milk, Termeric powder, Potato,  Oil,  Salt, chilli, Green pea,  Chillies, Fish,  Potatoes, Carrot","500.0, 100.0, 220.0, 75.0, 15.0, 12.5, 80.0, 25.0, 1.0, 160.0, 120.0, 150.0, 75.0, 90.0, 100.0, 30.0, 40.0"
Vegetable Fried Rice,"Wambatu Moju, Ala Badun, Green Pea Curry, Tapioca Chips, Vegetable Balls","Vegetable Fried Rice with Wambatu Moju, Ala Badun, Green Pea Curry, Tapioca Chips, Vegetable Balls","Rice,  Vegetables, onion,  Spices, curry leaves, Eggplant,  Vinegar, tomato sause, Potato,  Oil,  Salt, chilli, Green pea,  Coconut milk,  Chillies, Tapioca,  chillies, Carrot,  leeks","500.0, 100.0, 245.0, 27.5, 15.0, 12.5, 100.0, 50.0, 12.0, 180.0, 140.0, 150.0, 75.0, 30.0, 100.0, 40.0, 30.0, 50.0, 10.0"
Vegetable Fried Rice,"Chicken Curry, Parippu, Devilled Fish, Fish Cutlets, Vegetable Balls","Vegetable Fried Rice with Chicken Curry, Parippu, Devilled Fish, Fish Cutlets, Vegetable Balls","Rice,  Vegetables, onion,  Spices, curry leaves, Chicken,  Coconut milk, Dhal, Termeric powder, Fish,  Chili,  Curry leaves, salt, Onion,  Potatoes,  Chillies, Carrot,  leeks,  Jackfruit","500.0, 100.0, 100.0, 115.0, 15.0, 12.5, 240.0, 20.0, 20.0, 40.75, 150.0, 30.0, 15.0, 0.75, 70.0, 100.0, 10.0, 30.0, 50.0"
Vegetable Fried Rice,"Chicken Curry, Wambatu Moju, Devilled Fish, Tapioca Chips, potatoe cheese Balls","Vegetable Fried Rice with Chicken Curry, Wambatu Moju, Devilled Fish, Tapioca Chips, potatoe cheese Balls","Rice,  Vegetables, onion,  Spices, curry leaves, Chicken,  Coconut milk, Eggplant,  Vinegar, tomato sause, Fish,  Chili,  Curry leaves, salt, Onion, Tapioca,  Oil,  Salt,  chillies, cheese,  Potatoes,  pepper","500.0, 100.0, 120.0, 77.0, 15.0, 12.5, 200.0, 20.0, 80.0, 40.0, 9.0, 150.0, 30.0, 15.0, 0.75, 40.0, 100.0, 40.0, 20.0, 10.0, 30.0, 60.0"
Vegetable Fried Rice,"Chicken Curry, Ala Badun, Cashew Curry, Fish Cutlets, Tapioca Chips","Vegetable Fried Rice with Chicken Curry, Ala Badun, Cashew Curry, Fish Cutlets, Tapioca Chips","Rice,  Vegetables, onion,  Spices, curry leaves, Chicken,  Coconut milk, Potato,  Oil,  Salt, chilli, Cashew,  Chillies, Fish,  Potatoes, Tapioca","500.0, 100.0, 220.0, 75.0, 15.0, 12.5, 230.0, 20.0, 170.0, 130.0, 150.0, 75.0, 110.0, 100.0, 20.0, 20.0"
Vegetable Fried Rice,"Parippu, Green Pea Curry, Fish Cutlets, Tapioca Chips, potatoe cheese Balls","Vegetable Fried Rice with Parippu, Green Pea Curry, Fish Cutlets, Tapioca Chips, potatoe cheese Balls","Rice,  Vegetables, onion,  Spices, curry leaves, Dhal,  Coconut milk, Termeric powder, Green pea,  Chillies, Fish,  Potatoes, Tapioca,  Oil,  Salt,  chillies, cheese,  pepper","500.0, 100.0, 100.0, 75.0, 15.0, 12.5, 250.0, 25.0, 1.0, 250.0, 30.0, 120.0, 20.0, 100.0, 40.0, 20.0, 10.0, 60.0"
Vegetable Fried Rice,"Parippu, Ala Badun, Vegetable Cutlets, Vegetable Balls, Ginger Chicken","Vegetable Fried Rice with Parippu, Ala Badun, Vegetable Cutlets, Vegetable Balls, Ginger Chicken","Rice,  Vegetables, onion,  Spices, curry leaves, Dhal,  Coconut milk, Termeric powder, Potato,  Oil,  Salt, chilli, Carrot,  Potatoes,  Chillies,  leeks,  Jackfruit,  pepper","500.0, 100.0, 220.0, 75.0, 15.0, 12.5, 50.0, 25.0, 1.0, 160.0, 120.0, 90.0, 220.0, 55.0, 60.0, 20.0, 50.0, 10.0"
Vegetable Fried Rice,"Wambatu Moju, Devilled Fish, Cashew Curry, Vegetable Cutlets, Tapioca Chips","Vegetable Fried Rice with Wambatu Moju, Devilled Fish, Cashew Curry, Vegetable Cutlets, Tapioca Chips","Rice,  Vegetables, onion,  Spices, curry leaves, Eggplant,  Vinegar, tomato sause, Fish,  Chili,  Curry leaves, salt, Onion, Cashew,  Coconut milk,  Chillies, Carrot,  Potatoes, Tapioca,  Oil,  Salt,  chillies","500.0, 100.0, 125.0, 27.5, 15.0, 12.5, 100.0, 50.0, 12.0, 200.0, 40.0, 20.0, 1.0, 60.0, 150.0, 155.0, 20.0, 60.0, 10.0, 50.0, 20.0, 10.0"
Vegetable Fried Rice,"Wambatu Moju, Devilled Fish, Cashew Curry, Tapioca Chips, Ginger Chicken","Vegetable Fried Rice with Wambatu Moju, Devilled Fish, Cashew Curry, Tapioca Chips, Ginger Chicken","Rice,  Vegetables, onion,  Spices, curry leaves, Eggplant,  Vinegar, tomato sause, Fish,  Chili,  Curry leaves, salt, Onion, Cashew,  Coconut milk,  Chillies, Tapioca,  Oil,  Salt,  chillies, Chicken,  Ginger","500.0, 100.0, 125.0, 27.5, 15.0, 12.5, 100.0, 50.0, 12.0, 200.0, 40.0, 20.0, 1.0, 60.0, 150.0, 100.0, 20.0, 100.0, 40.0, 20.0, 10.0, 50.0"
Vegetable Fried Rice,"Devilled Chicken, Ala Badun, Ginger Chicken, Vegetable Cutlets, potatoe cheese Balls","Vegetable Fried Rice with Devilled Chicken, Ala Badun, Ginger Chicken, Vegetable Cutlets, potatoe cheese Balls","Rice,  Vegetables, onion,  Spices, curry leaves, Chicken,  Chili,  Curry leaves, salt, Onion, Potato,  Oil,  Salt, chilli,  Ginger,  Chillies, Carrot,  Potatoes, cheese","500.0, 100.0, 220.0, 25.0, 15.0, 87.5, 250.0, 50.0, 25.0, 1.25, 80.0, 160.0, 120.0, 150.0, 30.0, 90.0, 80.0, 30.0, 60.0"
Vegetable Fried Rice,"Parippu, Chicken Curry, Devilled Fish, Ala Badun, Ginger Chicken","Vegetable Fried Rice with Parippu, Chicken Curry, Devilled Fish, Ala Badun, Ginger Chicken","Rice,  Vegetables, onion,  Spices, curry leaves, Dhal,  Coconut milk, Termeric powder, Chicken, Fish,  Chili,  Curry leaves, salt, Onion, Potato,  Oil,  Salt, chilli,  Ginger","500.0, 100.0, 160.0, 115.0, 15.0, 12.5, 210.0, 25.0, 26.0, 15.0, 150.0, 30.0, 15.0, 0.75, 40.0, 80.0, 60.0, 50.0, 10.0"
Vegetable Fried Rice,"Chicken Curry, Chicken Curry, Ala Badun, Fish Cutlets, Vegetable Cutlets","Vegetable Fried Rice with Chicken Curry, Chicken Curry, Ala Badun, Fish Cutlets, Vegetable Cutlets","Rice,  Vegetables, onion,  Spices, curry leaves, Chicken,  Coconut milk, Potato,  Oil,  Salt, chilli, Fish,  Potatoes,  Chillies, Carrot","500.0, 100.0, 190.0, 115.0, 15.0, 32.5, 360.0, 15.0, 120.0, 90.0, 60.0, 100.0, 30.0, 30.0, 40.0"
Vegetable Fried Rice,"Chicken Curry, Ala Badun, Ginger Chicken, Vegetable Cutlets, Ginger Chicken","Vegetable Fried Rice with Chicken Curry, Ala Badun, Ginger Chicken, Vegetable Cutlets, Ginger Chicken","Rice,  Vegetables, onion,  Spices, curry leaves, Chicken,  Coconut milk, Potato,  Oil,  Salt, chilli,  Ginger,  Chillies, Carrot,  Potatoes","500.0, 100.0, 220.0, 75.0, 15.0, 112.5, 200.0, 20.0, 160.0, 120.0, 150.0, 40.0, 110.0, 80.0, 20.0"
Vegetable Fried Rice,"Devilled Fish, Cashew Curry, Fish Cutlets, Vegetable Cutlets, potatoe cheese Balls","Vegetable Fried Rice with Devilled Fish, Cashew Curry, Fish Cutlets, Vegetable Cutlets, potatoe cheese Balls","Rice,  Vegetables, onion,  Spices, curry leaves, Fish,  Chili,  Curry leaves, salt, Onion, Cashew,  Coconut milk,  Chillies,  Potatoes, Carrot, cheese,  pepper","500.0, 100.0, 100.0, 25.0, 15.0, 42.5, 250.0, 50.0, 25.0, 1.25, 80.0, 200.0, 330.0, 180.0, 20.0, 10.0, 60.0"
Chicken Biryani,"Devilled Chicken, Devilled Fish, Ginger Chicken","Chicken Biryani with Devilled Chicken, Devilled Fish, Ginger Chicken","Rice,  Chicken,  onion,  Spices, curry leaves, Chicken,  Chili,  Curry leaves, salt, Onion, Fish,  Ginger,  Chillies","300.0, 150.0, 60.0, 15.0, 9.0, 27.5, 250.0, 50.0, 25.0, 1.25, 40.0, 50.0, 25.0"
Chicken Biryani,"Ginger Chicken, Chickpea Salad, Ginger Chicken","Chicken Biryani with Ginger Chicken, Chickpea Salad, Ginger Chicken","Rice,  Chicken,  onion,  Spices, curry leaves, Chicken,  Ginger,  Chillies, Chickpeas,  Carrot,  Cabbage","300.0, 150.0, 60.0, 15.0, 9.0, 37.5, 200.0, 100.0, 20.0, 120.0, 60.0"
Chicken Biryani,"Chicken Curry, Devilled Chicken, Devilled Fish","Chicken Biryani with Chicken Curry, Devilled Chicken, Devilled Fish","Rice,  Chicken,  onion,  Spices, curry leaves, Chicken,  Coconut milk,  Chili,  Curry leaves, salt, Onion, Fish","300.0, 150.0, 60.0, 45.0, 9.0, 17.5, 120.0, 150.0, 30.0, 15.0, 0.75, 20.0"
Chicken Biryani,"Paneer Curry, Devilled Beef, Ginger Chicken","Chicken Biryani with Paneer Curry, Devilled Beef, Ginger Chicken","Rice,  Chicken,  onion,  Spices, curry leaves, Paneer,  Coconut milk, Beef,  Oil,  chillies, Chicken,  Ginger,  Chillies","300.0, 150.0, 60.0, 90.0, 9.0, 7.5, 150.0, 20.0, 160.0, 60.0, 5.0, 50.0, 25.0"
Chicken Biryani,"Chicken Curry, Devilled Fish, Ginger Chicken","Chicken Biryani with Chicken Curry, Devilled Fish, Ginger Chicken","Rice,  Chicken,  onion,  Spices, curry leaves, Chicken,  Coconut milk, Fish,  Chili,  Curry leaves, salt, Onion,  Ginger,  Chillies","300.0, 150.0, 60.0, 45.0, 9.0, 27.5, 120.0, 10.0, 100.0, 20.0, 10.0, 0.5, 50.0, 25.0"
Chicken Biryani,"Devilled Chicken, Ginger Chicken, Chickpea Salad","Chicken Biryani with Devilled Chicken, Ginger Chicken, Chickpea Salad","Rice,  Chicken,  onion,  Spices, curry leaves, Chicken,  Chili,  Curry leaves, salt, Onion,  Ginger,  Chillies, Chickpeas,  Carrot,  Cabbage","300.0, 150.0, 60.0, 15.0, 9.0, 47.5, 150.0, 30.0, 15.0, 0.75, 100.0, 50.0, 10.0, 60.0, 30.0"
Chicken Biryani,"Chicken Curry, Devilled Fish, Ginger Chicken","Chicken Biryani with Chicken Curry, Devilled Fish, Ginger Chicken","Rice,  Chicken,  onion,  Spices, curry leaves, Chicken,  Coconut milk, Fish,  Chili,  Curry leaves, salt, Onion,  Ginger,  Chillies","300.0, 150.0, 60.0, 45.0, 9.0, 27.5, 120.0, 10.0, 100.0, 20.0, 10.0, 0.5, 50.0, 25.0"
Chicken Biryani,"Chicken Curry, Devilled Chicken, Devilled Beef","Chicken Biryani with Chicken Curry, Devilled Chicken, Devilled Beef","Rice,  Chicken,  onion,  Spices, curry leaves, Chicken,  Coconut milk,  Chili,  Curry leaves, salt, Onion, Beef,  Oil,  chillies","300.0, 150.0, 60.0, 45.0, 9.0, 17.5, 120.0, 100.0, 20.0, 10.0, 0.5, 20.0, 80.0, 30.0"
Chicken Biryani,"Devilled Fish, Ginger Chicken, Ginger Chicken","Chicken Biryani with Devilled Fish, Ginger Chicken, Ginger Chicken","Rice,  Chicken,  onion,  Spices, curry leaves, Fish,  Chili,  Curry leaves, salt, Onion, Chicken,  Ginger,  Chillies","300.0, 150.0, 60.0, 15.0, 9.0, 7.5, 150.0, 30.0, 15.0, 0.75, 50.0, 150.0, 75.0"
Chicken Biryani,"Chicken Curry, Devilled Fish, Paneer Curry","Chicken Biryani with Chicken Curry, Devilled Fish, Paneer Curry","Rice,  Chicken,  onion,  Spices, curry leaves, Chicken,  Coconut milk, Fish,  Chili,  Curry leaves, salt, Onion, Paneer","300.0, 150.0, 60.0, 70.0, 9.0, 7.5, 170.0, 10.0, 100.0, 20.0, 10.0, 0.5, 20.0"
Chicken Biryani,"Chicken Curry, Devilled Fish, Chickpea Salad, Devilled Beef","Chicken Biryani with Chicken Curry, Devilled Fish, Chickpea Salad, Devilled Beef","Rice,  Chicken,  onion,  Spices, curry leaves, Chicken,  Coconut milk, Fish,  Chili,  Curry leaves, salt, Onion, Chickpeas,  Carrot,  Cabbage, Beef,  Oil,  chillies","400.0, 200.0, 80.0, 60.0, 12.0, 10.0, 160.0, 15.0, 150.0, 30.0, 15.0, 0.75, 40.0, 120.0, 60.0, 30.0, 80.0, 30.0"
Chicken Biryani,"Devilled Chicken, Ginger Chicken, Chickpea Salad, Devilled Beef","Chicken Biryani with Devilled Chicken, Ginger Chicken, Chickpea Salad, Devilled Beef","Rice,  Chicken,  onion,  Spices, curry leaves, Chicken,  Chili,  Curry leaves, salt, Onion,  Ginger,  Chillies, Chickpeas,  Carrot,  Cabbage, Beef,  Oil,  chillies","400.0, 200.0, 80.0, 20.0, 12.0, 70.0, 200.0, 40.0, 20.0, 1.0, 150.0, 75.0, 20.0, 120.0, 60.0, 30.0, 80.0, 30.0"
Chicken Biryani,"Chicken Curry, Paneer Curry, Ginger Chicken, Chickpea Salad","Chicken Biryani with Chicken Curry, Paneer Curry, Ginger Chicken, Chickpea Salad","Rice,  Chicken,  onion,  Spices, curry leaves, Chicken,  Coconut milk, Paneer,  Ginger,  Chillies, Chickpeas,  Carrot,  Cabbage","400.0, 200.0, 80.0, 135.0, 12.0, 30.0, 310.0, 15.0, 100.0, 50.0, 10.0, 60.0, 30.0"
Chicken Biryani,"Chicken Curry, Devilled Chicken, Paneer Curry, Chickpea Salad","Chicken Biryani with Chicken Curry, Devilled Chicken, Paneer Curry, Chickpea Salad","Rice,  Chicken,  onion,  Spices, curry leaves, Chicken,  Coconut milk,  Chili,  Curry leaves, salt, Onion, Paneer, Chickpeas,  Carrot,  Cabbage","400.0, 200.0, 80.0, 110.0, 12.0, 25.0, 260.0, 150.0, 30.0, 15.0, 0.75, 40.0, 10.0, 60.0, 30.0"
Chicken Biryani,"Chicken Curry, Devilled Chicken, Chickpea Salad, Ginger Chicken","Chicken Biryani with Chicken Curry, Devilled Chicken, Chickpea Salad, Ginger Chicken","Rice,  Chicken,  onion,  Spices, curry leaves, Chicken,  Coconut milk,  Chili,  Curry leaves, salt, Onion, Chickpeas,  Carrot,  Cabbage,  Ginger,  Chillies","400.0, 200.0, 80.0, 60.0, 12.0, 55.0, 160.0, 150.0, 30.0, 15.0, 0.75, 40.0, 120.0, 60.0, 50.0, 25.0"
Chicken Biryani,"Chicken Curry, Chicken Curry, Devilled Chicken, Devilled Beef","Chicken Biryani with Chicken Curry, Chicken Curry, Devilled Chicken, Devilled Beef","Rice,  Chicken,  onion,  Spices, curry leaves, Chicken,  Coconut milk,  Chili,  Curry leaves, salt, Onion, Beef,  Oil,  chillies","400.0, 200.0, 80.0, 90.0, 12.0, 35.0, 280.0, 100.0, 20.0, 10.0, 0.5, 20.0, 80.0, 30.0"
Chicken Biryani,"Chicken Curry, Paneer Curry, Ginger Chicken, Devilled Beef","Chicken Biryani with Chicken Curry, Paneer Curry, Ginger Chicken, Devilled Beef","Rice,  Chicken,  onion,  Spices, curry leaves, Chicken,  Coconut milk, Paneer,  Ginger,  Chillies, Beef,  Oil,  chillies","400.0, 200.0, 80.0, 135.0, 12.0, 30.0, 310.0, 15.0, 100.0, 50.0, 10.0, 80.0, 30.0"
Chicken Biryani,"Chicken Curry, Chicken Curry, Chickpea Salad, Devilled Beef","Chicken Biryani with Chicken Curry, Chicken Curry, Chickpea Salad, Devilled Beef","Rice,  Chicken,  onion,  Spices, curry leaves, Chicken,  Coconut milk, Chickpeas,  Carrot,  Cabbage, Beef,  Oil,  chillies","400.0, 200.0, 80.0, 90.0, 12.0, 25.0, 280.0, 10.0, 120.0, 60.0, 30.0, 80.0, 30.0"
Chicken Biryani,"Chicken Curry, Devilled Fish, Paneer Curry, Ginger Chicken","Chicken Biryani with Chicken Curry, Devilled Fish, Paneer Curry, Ginger Chicken","Rice,  Chicken,  onion,  Spices, curry leaves, Chicken,  Coconut milk, Fish,  Chili,  Curry leaves, salt, Onion, Paneer,  Ginger,  Chillies","400.0, 200.0, 80.0, 110.0, 12.0, 20.0, 260.0, 15.0, 150.0, 30.0, 15.0, 0.75, 40.0, 50.0, 25.0"
Chicken Biryani,"Paneer Curry, Chickpea Salad, Devilled Beef, Ginger Chicken","Chicken Biryani with Paneer Curry, Chickpea Salad, Devilled Beef, Ginger Chicken","Rice,  Chicken,  onion,  Spices, curry leaves, Paneer,  Coconut milk, Chickpeas,  Carrot,  Cabbage, Beef,  Oil,  chillies, Chicken,  Ginger,  Chillies","400.0, 200.0, 80.0, 120.0, 12.0, 10.0, 200.0, 30.0, 180.0, 90.0, 60.0, 160.0, 60.0, 5.0, 50.0, 25.0"
Vegetable Biryani,"Devilled Fish, Ginger Chicken, Ginger Chicken","Vegetable Biryani with Devilled Fish, Ginger Chicken, Ginger Chicken","Rice,  Vegetables, onion,  Spices, curry leaves, Fish,  Chili,  Curry leaves, salt, Onion, Chicken,  Ginger,  Chillies","300.0, 150.0, 60.0, 15.0, 9.0, 7.800000000000001, 150.0, 30.0, 15.0, 0.75, 50.0, 150.0, 75.0"
Vegetable Biryani,"Chicken Curry, Chicken Curry, Devilled Chicken","Vegetable Biryani with Chicken Curry, Chicken Curry, Devilled Chicken","Rice,  Vegetables, onion,  Spices, curry leaves, Chicken,  Coconut milk,  Chili,  Curry leaves, salt, Onion","300.0, 150.0, 60.0, 65.0, 9.0, 22.799999999999997, 200.0, 50.0, 10.0, 5.0, 0.25"
Vegetable Biryani,"Devilled Chicken, Devilled Beef, Ginger Chicken","Vegetable Biryani with Devilled Chicken, Devilled Beef, Ginger Chicken","Rice,  Vegetables, onion,  Spices, curry leaves, Chicken,  Chili,  Curry leaves, salt, Onion, Beef,  Oil,  chillies,  Ginger,  Chillies","300.0, 150.0, 60.0, 15.0, 9.0, 12.8, 150.0, 30.0, 15.0, 0.75, 40.0, 160.0, 60.0, 50.0, 25.0"
Vegetable Biryani,"Devilled Fish, Devilled Beef, Ginger Chicken","Vegetable Biryani with Devilled Fish, Devilled Beef, Ginger Chicken","Rice,  Vegetables, onion,  Spices, curry leaves, Fish,  Chili,  Curry leaves, salt, Onion, Beef,  Oil,  chillies, Chicken,  Ginger,  Chillies","300.0, 150.0, 60.0, 15.0, 9.0, 7.800000000000001, 150.0, 30.0, 15.0, 0.75, 40.0, 160.0, 60.0, 5.0, 50.0, 25.0"
Vegetable Biryani,"Devilled Chicken, Ginger Chicken, Ginger Chicken","Vegetable Biryani with Devilled Chicken, Ginger Chicken, Ginger Chicken","Rice,  Vegetables, onion,  Spices, curry leaves, Chicken,  Chili,  Curry leaves, salt, Onion,  Ginger,  Chillies","300.0, 150.0, 60.0, 15.0, 9.0, 57.8, 150.0, 30.0, 15.0, 0.75, 150.0, 75.0"
Vegetable Biryani,"Devilled Chicken, Ginger Chicken, Chickpea Salad","Vegetable Biryani with Devilled Chicken, Ginger Chicken, Chickpea Salad","Rice,  Vegetables, onion,  Spices, curry leaves, Chicken,  Chili,  Curry leaves, salt, Onion,  Ginger,  Chillies, Chickpeas,  Carrot,  Cabbage","300.0, 150.0, 60.0, 15.0, 9.0, 47.8, 150.0, 30.0, 15.0, 0.75, 100.0, 50.0, 10.0, 60.0, 30.0"
Vegetable Biryani,"Chickpea Salad, Devilled Beef, Ginger Chicken","Vegetable Biryani with Chickpea Salad, Devilled Beef, Ginger Chicken","Rice,  Vegetables, onion,  Spices, curry leaves, Chickpeas,  Carrot,  Cabbage, Beef,  Oil,  chillies, Chicken,  Ginger,  Chillies","300.0, 150.0, 60.0, 15.0, 9.0, 7.800000000000001, 180.0, 90.0, 60.0, 160.0, 60.0, 5.0, 50.0, 25.0"
Vegetable Biryani,"Chicken Curry, Ginger Chicken, Devilled Beef","Vegetable Biryani with Chicken Curry, Ginger Chicken, Devilled Beef","Rice,  Vegetables, onion,  Spices, curry leaves, Chicken,  Coconut milk,  Ginger,  Chillies, Beef,  Oil,  chillies","300.0, 150.0, 60.0, 45.0, 9.0, 17.799999999999997, 120.0, 100.0, 50.0, 10.0, 80.0, 30.0"
Vegetable Biryani,"Ginger Chicken, Chickpea Salad, Devilled Beef","Vegetable Biryani with Ginger Chicken, Chickpea Salad, Devilled Beef","Rice,  Vegetables, onion,  Spices, curry leaves, Chicken,  Ginger,  Chillies, Chickpeas,  Carrot,  Cabbage, Beef,  Oil,  chillies","300.0, 150.0, 60.0, 15.0, 9.0, 7.800000000000001, 150.0, 75.0, 20.0, 120.0, 60.0, 30.0, 80.0, 30.0"
Vegetable Biryani,"Chicken Curry, Paneer Curry, Chickpea Salad","Vegetable Biryani with Chicken Curry, Paneer Curry, Chickpea Salad","Rice,  Vegetables, onion,  Spices, curry leaves, Chicken,  Coconut milk, Paneer, Chickpeas,  Carrot,  Cabbage","300.0, 150.0, 60.0, 95.0, 9.0, 7.800000000000001, 220.0, 10.0, 10.0, 60.0, 30.0"
Vegetable Biryani,"Chicken Curry, Devilled Chicken, Devilled Fish, Paneer Curry","Vegetable Biryani with Chicken Curry, Devilled Chicken, Devilled Fish, Paneer Curry","Rice,  Vegetables, onion,  Spices, curry leaves, Chicken,  Coconut milk,  Chili,  Curry leaves, salt, Onion, Fish, Paneer","400.0, 200.0, 80.0, 85.0, 12.0, 25.4, 210.0, 250.0, 50.0, 25.0, 1.25, 40.0, 20.0"
Vegetable Biryani,"Chicken Curry, Chicken Curry, Devilled Chicken, Devilled Beef","Vegetable Biryani with Chicken Curry, Chicken Curry, Devilled Chicken, Devilled Beef","Rice,  Vegetables, onion,  Spices, curry leaves, Chicken,  Coconut milk,  Chili,  Curry leaves, salt, Onion, Beef,  Oil,  chillies","400.0, 200.0, 80.0, 90.0, 12.0, 35.4, 280.0, 100.0, 20.0, 10.0, 0.5, 20.0, 80.0, 30.0"
Vegetable Biryani,"Devilled Fish, Ginger Chicken, Devilled Beef, Ginger Chicken","Vegetable Biryani with Devilled Fish, Ginger Chicken, Devilled Beef, Ginger Chicken","Rice,  Vegetables, onion,  Spices, curry leaves, Fish,  Chili,  Curry leaves, salt, Onion, Chicken,  Ginger,  Chillies, Beef,  Oil,  chillies","400.0, 200.0, 80.0, 20.0, 12.0, 10.4, 200.0, 40.0, 20.0, 1.0, 65.0, 200.0, 100.0, 20.0, 160.0, 60.0"
Vegetable Biryani,"Chicken Curry, Devilled Fish, Paneer Curry, Ginger Chicken","Vegetable Biryani with Chicken Curry, Devilled Fish, Paneer Curry, Ginger Chicken","Rice,  Vegetables, onion,  Spices, curry leaves, Chicken,  Coconut milk, Fish,  Chili,  Curry leaves, salt, Onion, Paneer,  Ginger,  Chillies","400.0, 200.0, 80.0, 110.0, 12.0, 20.4, 260.0, 15.0, 150.0, 30.0, 15.0, 0.75, 40.0, 50.0, 25.0"
Vegetable Biryani,"Paneer Curry, Ginger Chicken, Devilled Beef, Ginger Chicken","Vegetable Biryani with Paneer Curry, Ginger Chicken, Devilled Beef, Ginger Chicken","Rice,  Vegetables, onion,  Spices, curry leaves, Paneer,  Coconut milk, Chicken,  Ginger,  Chillies, Beef,  Oil,  chillies","400.0, 200.0, 80.0, 120.0, 12.0, 10.4, 200.0, 35.0, 200.0, 100.0, 20.0, 160.0, 60.0"
Vegetable Biryani,"Paneer Curry, Ginger Chicken, Chickpea Salad, Devilled Beef","Vegetable Biryani with Paneer Curry, Ginger Chicken, Chickpea Salad, Devilled Beef","Rice,  Vegetables, onion,  Spices, curry leaves, Paneer,  Coconut milk, Chicken,  Ginger,  Chillies, Chickpeas,  Carrot,  Cabbage, Beef,  Oil,  chillies","400.0, 200.0, 80.0, 120.0, 12.0, 10.4, 200.0, 30.0, 150.0, 75.0, 20.0, 120.0, 60.0, 30.0, 80.0, 30.0"
Vegetable Biryani,"Chicken Curry, Ginger Chicken, Chickpea Salad, Devilled Beef","Vegetable Biryani with Chicken Curry, Ginger Chicken, Chickpea Salad, Devilled Beef","Rice,  Vegetables, onion,  Spices, curry leaves, Chicken,  Coconut milk,  Ginger,  Chillies, Chickpeas,  Carrot,  Cabbage, Beef,  Oil,  chillies","400.0, 200.0, 80.0, 60.0, 12.0, 25.4, 160.0, 150.0, 75.0, 20.0, 120.0, 60.0, 30.0, 80.0, 30.0"
Vegetable Biryani,"Chicken Curry, Chicken Curry, Devilled Fish, Ginger Chicken","Vegetable Biryani with Chicken Curry, Chicken Curry, Devilled Fish, Ginger Chicken","Rice,  Vegetables, onion,  Spices, curry leaves, Chicken,  Coconut milk, Fish,  Chili,  Curry leaves, salt, Onion,  Ginger,  Chillies","400.0, 200.0, 80.0, 90.0, 12.0, 45.4, 280.0, 10.0, 100.0, 20.0, 10.0, 0.5, 50.0, 25.0"
Vegetable Biryani,"Chicken Curry, Chicken Curry, Devilled Chicken, Paneer Curry","Vegetable Biryani with Chicken Curry, Chicken Curry, Devilled Chicken, Paneer Curry","Rice,  Vegetables, onion,  Spices, curry leaves, Chicken,  Coconut milk,  Chili,  Curry leaves, salt, Onion, Paneer","400.0, 200.0, 80.0, 115.0, 12.0, 35.4, 330.0, 100.0, 20.0, 10.0, 0.5, 20.0"
Vegetable Biryani,"Chicken Curry, Chicken Curry, Devilled Chicken, Ginger Chicken","Vegetable Biryani with Chicken Curry, Chicken Curry, Devilled Chicken, Ginger Chicken","Rice,  Vegetables, onion,  Spices, curry leaves, Chicken,  Coconut milk,  Chili,  Curry leaves, salt, Onion,  Ginger,  Chillies","400.0, 200.0, 80.0, 90.0, 12.0, 55.4, 280.0, 100.0, 20.0, 10.0, 0.5, 50.0, 25.0"
Fish Biryani,"Chicken Curry, Chicken Curry, Ginger Chicken","Fish Biryani with Chicken Curry, Chicken Curry, Ginger Chicken","Rice,  Fish,  , onion,  Spices, curry leaves, Chicken,  Coconut milk,  Ginger,  Chillies","300.0, 150.0, 60.0, 15.0, 34.0, 8.100000000000001, 250.0, 50.0, 25.0, 10.0"
Fish Biryani,"Chicken Curry, Devilled Fish, Ginger Chicken","Fish Biryani with Chicken Curry, Devilled Fish, Ginger Chicken","Rice,  Fish,  , onion,  Spices, curry leaves, Chicken,  Coconut milk, Fish,  Chili,  Curry leaves, salt, Onion,  Ginger,  Chillies","300.0, 150.0, 60.0, 15.0, 24.0, 8.100000000000001, 170.0, 30.0, 100.0, 20.0, 10.0, 0.5, 40.0, 25.0, 10.0"
Fish Biryani,"Chicken Curry, Devilled Chicken, Devilled Fish","Fish Biryani with Chicken Curry, Devilled Chicken, Devilled Fish","Rice,  Fish,  , onion,  Spices, curry leaves, Chicken,  Coconut milk,  Chili,  Curry leaves, salt, Onion, Fish","300.0, 150.0, 60.0, 15.0, 24.0, 8.100000000000001, 220.0, 30.0, 30.0, 15.0, 0.75, 60.0, 50.0"
Fish Biryani,"Devilled Fish, Devilled Beef, Ginger Chicken","Fish Biryani with Devilled Fish, Devilled Beef, Ginger Chicken","Rice,  Fish,  , onion,  Spices, curry leaves, Fish,  Chili,  Curry leaves, salt, Onion, Beef,  Oil,  chillies, Chicken,  Ginger,  Chillies","300.0, 150.0, 60.0, 15.0, 9.0, 8.100000000000001, 150.0, 30.0, 15.0, 0.75, 60.0, 160.0, 60.0, 10.0, 50.0, 25.0, 10.0"
Fish Biryani,"Devilled Chicken, Devilled Beef, Ginger Chicken","Fish Biryani with Devilled Chicken, Devilled Beef, Ginger Chicken","Rice,  Fish,  , onion,  Spices, curry leaves, Chicken,  Chili,  Curry leaves, salt, Onion, Beef,  Oil,  chillies,  Ginger,  Chillies","300.0, 150.0, 60.0, 15.0, 9.0, 8.100000000000001, 200.0, 30.0, 15.0, 0.75, 60.0, 160.0, 60.0, 10.0, 25.0, 10.0"
Fish Biryani,"Devilled Fish, Paneer Curry, Ginger Chicken","Fish Biryani with Devilled Fish, Paneer Curry, Ginger Chicken","Rice,  Fish,  , onion,  Spices, curry leaves, Fish,  Chili,  Curry leaves, salt, Onion, Paneer,  Coconut milk, Chicken,  Ginger,  Chillies","300.0, 150.0, 60.0, 15.0, 29.0, 8.100000000000001, 150.0, 30.0, 15.0, 0.75, 60.0, 100.0, 50.0, 50.0, 25.0, 10.0"
Fish Biryani,"Chicken Curry, Chickpea Salad, Devilled Beef","Fish Biryani with Chicken Curry, Chickpea Salad, Devilled Beef","Rice,  Fish,  , onion,  Spices, curry leaves, Chicken,  Coconut milk, Chickpeas,  Carrot,  Cabbage, Beef,  Oil,  chillies","300.0, 150.0, 60.0, 15.0, 24.0, 8.100000000000001, 120.0, 30.0, 120.0, 60.0, 60.0, 80.0, 30.0, 5.0"
Fish Biryani,"Devilled Chicken, Ginger Chicken, Devilled Beef","Fish Biryani with Devilled Chicken, Ginger Chicken, Devilled Beef","Rice,  Fish,  , onion,  Spices, curry leaves, Chicken,  Chili,  Curry leaves, salt, Onion,  Ginger,  Chillies, Beef,  Oil,  chillies","300.0, 150.0, 60.0, 15.0, 9.0, 8.100000000000001, 250.0, 30.0, 15.0, 0.75, 60.0, 50.0, 20.0, 80.0, 30.0, 5.0"
Fish Biryani,"Chicken Curry, Devilled Fish, Ginger Chicken","Fish Biryani with Chicken Curry, Devilled Fish, Ginger Chicken","Rice,  Fish,  , onion,  Spices, curry leaves, Chicken,  Coconut milk, Fish,  Chili,  Curry leaves, salt, Onion,  Ginger,  Chillies","300.0, 150.0, 60.0, 15.0, 24.0, 8.100000000000001, 170.0, 30.0, 100.0, 20.0, 10.0, 0.5, 40.0, 25.0, 10.0"
Fish Biryani,"Chicken Curry, Devilled Chicken, Ginger Chicken","Fish Biryani with Chicken Curry, Devilled Chicken, Ginger Chicken","Rice,  Fish,  , onion,  Spices, curry leaves, Chicken,  Coconut milk,  Chili,  Curry leaves, salt, Onion,  Ginger,  Chillies","300.0, 150.0, 60.0, 15.0, 24.0, 8.100000000000001, 270.0, 30.0, 20.0, 10.0, 0.5, 40.0, 25.0, 10.0"
Fish Biryani,"Devilled Chicken, Paneer Curry, Ginger Chicken, Chickpea Salad","Fish Biryani with Devilled Chicken, Paneer Curry, Ginger Chicken, Chickpea Salad","Rice,  Fish,  , onion,  Spices, curry leaves, Chicken,  Chili,  Curry leaves, salt, Onion, Paneer,  Coconut milk,  Ginger,  Chillies, Chickpeas,  Carrot,  Cabbage","400.0, 200.0, 80.0, 20.0, 42.0, 10.8, 300.0, 40.0, 20.0, 1.0, 80.0, 150.0, 75.0, 50.0, 20.0, 60.0, 30.0, 30.0"
Fish Biryani,"Chicken Curry, Devilled Fish, Chickpea Salad, Ginger Chicken","Fish Biryani with Chicken Curry, Devilled Fish, Chickpea Salad, Ginger Chicken","Rice,  Fish,  , onion,  Spices, curry leaves, Chicken,  Coconut milk, Fish,  Chili,  Curry leaves, salt, Onion, Chickpeas,  Carrot,  Cabbage,  Ginger,  Chillies","400.0, 200.0, 80.0, 20.0, 32.0, 10.8, 210.0, 40.0, 150.0, 30.0, 15.0, 0.75, 60.0, 120.0, 60.0, 60.0, 25.0, 10.0"
Fish Biryani,"Chicken Curry, Chicken Curry, Devilled Chicken, Devilled Beef","Fish Biryani with Chicken Curry, Chicken Curry, Devilled Chicken, Devilled Beef","Rice,  Fish,  , onion,  Spices, curry leaves, Chicken,  Coconut milk,  Chili,  Curry leaves, salt, Onion, Beef,  Oil,  chillies","400.0, 200.0, 80.0, 20.0, 47.0, 10.8, 380.0, 70.0, 20.0, 10.0, 0.5, 40.0, 80.0, 30.0, 5.0"
Fish Biryani,"Chicken Curry, Devilled Chicken, Devilled Beef, Ginger Chicken","Fish Biryani with Chicken Curry, Devilled Chicken, Devilled Beef, Ginger Chicken","Rice,  Fish,  , onion,  Spices, curry leaves, Chicken,  Coconut milk,  Chili,  Curry leaves, salt, Onion, Beef,  Oil,  chillies,  Ginger,  Chillies","400.0, 200.0, 80.0, 20.0, 32.0, 10.8, 360.0, 40.0, 30.0, 15.0, 0.75, 60.0, 160.0, 60.0, 10.0, 25.0, 10.0"
Fish Biryani,"Chicken Curry, Devilled Fish, Paneer Curry, Chickpea Salad","Fish Biryani with Chicken Curry, Devilled Fish, Paneer Curry, Chickpea Salad","Rice,  Fish,  , onion,  Spices, curry leaves, Chicken,  Coconut milk, Fish,  Chili,  Curry leaves, salt, Onion, Paneer, Chickpeas,  Carrot,  Cabbage","400.0, 200.0, 80.0, 20.0, 52.0, 10.8, 160.0, 90.0, 150.0, 30.0, 15.0, 0.75, 60.0, 100.0, 60.0, 30.0, 30.0"
Fish Biryani,"Chicken Curry, Devilled Fish, Ginger Chicken, Devilled Beef","Fish Biryani with Chicken Curry, Devilled Fish, Ginger Chicken, Devilled Beef","Rice,  Fish,  , onion,  Spices, curry leaves, Chicken,  Coconut milk, Fish,  Chili,  Curry leaves, salt, Onion,  Ginger,  Chillies, Beef,  Oil,  chillies","400.0, 200.0, 80.0, 20.0, 32.0, 10.8, 260.0, 40.0, 150.0, 30.0, 15.0, 0.75, 60.0, 50.0, 20.0, 80.0, 30.0, 5.0"
Fish Biryani,"Chicken Curry, Devilled Fish, Paneer Curry, Chickpea Salad","Fish Biryani with Chicken Curry, Devilled Fish, Paneer Curry, Chickpea Salad","Rice,  Fish,  , onion,  Spices, curry leaves, Chicken,  Coconut milk, Fish,  Chili,  Curry leaves, salt, Onion, Paneer, Chickpeas,  Carrot,  Cabbage","400.0, 200.0, 80.0, 20.0, 52.0, 10.8, 160.0, 90.0, 150.0, 30.0, 15.0, 0.75, 60.0, 100.0, 60.0, 30.0, 30.0"
Fish Biryani,"Chicken Curry, Devilled Chicken, Devilled Fish, Chickpea Salad","Fish Biryani with Chicken Curry, Devilled Chicken, Devilled Fish, Chickpea Salad","Rice,  Fish,  , onion,  Spices, curry leaves, Chicken,  Coconut milk,  Chili,  Curry leaves, salt, Onion, Fish, Chickpeas,  Carrot,  Cabbage","400.0, 200.0, 80.0, 20.0, 32.0, 10.8, 310.0, 40.0, 50.0, 25.0, 1.25, 100.0, 100.0, 60.0, 30.0, 30.0"
Fish Biryani,"Devilled Chicken, Devilled Fish, Chickpea Salad, Ginger Chicken","Fish Biryani with Devilled Chicken, Devilled Fish, Chickpea Salad, Ginger Chicken","Rice,  Fish,  , onion,  Spices, curry leaves, Chicken,  Chili,  Curry leaves, salt, Onion, Fish, Chickpeas,  Carrot,  Cabbage,  Ginger,  Chillies","400.0, 200.0, 80.0, 20.0, 12.0, 10.8, 250.0, 70.0, 35.0, 1.75, 140.0, 150.0, 120.0, 60.0, 60.0, 25.0, 10.0"
Fish Biryani,"Chicken Curry, Devilled Chicken, Paneer Curry, Chickpea Salad","Fish Biryani with Chicken Curry, Devilled Chicken, Paneer Curry, Chickpea Salad","Rice,  Fish,  , onion,  Spices, curry leaves, Chicken,  Coconut milk,  Chili,  Curry leaves, salt, Onion, Paneer, Chickpeas,  Carrot,  Cabbage","400.0, 200.0, 80.0, 20.0, 52.0, 10.8, 310.0, 90.0, 30.0, 15.0, 0.75, 60.0, 100.0, 60.0, 30.0, 30.0"
